INSERT INTO USERS (USERS_ID, USERS_EMAIL, USERS_PASSWORD, USERS_NICKNAME, USERS_ROLE, USERS_SOCIAL_TYPE, CREATED_AT, DELETED, REGION_ID)
VALUES (0, 'admin', 'admin', 'admin', 'ADMIN', NULL, now(), FALSE, NULL);

INSERT INTO AGE_Tag (AGE_TAG_ID, AGE_TAG_NAME) VALUES (1, '0~2세');
INSERT INTO AGE_Tag (AGE_TAG_ID, AGE_TAG_NAME) VALUES (2, '3~5세');
INSERT INTO AGE_Tag (AGE_TAG_ID, AGE_TAG_NAME) VALUES (3, '6~7세');
INSERT INTO AGE_Tag (AGE_TAG_ID, AGE_TAG_NAME) VALUES (4, '8세 이상');
INSERT INTO AGE_Tag (AGE_TAG_ID, AGE_TAG_NAME) VALUES (5, '전체(12세 이하)');


INSERT INTO REGION (REGION_ID, REGION_NAME) VALUES (1, '강남구');
INSERT INTO REGION (REGION_ID, REGION_NAME) VALUES (2, '강동구');
INSERT INTO REGION (REGION_ID, REGION_NAME) VALUES (3, '강북구');
INSERT INTO REGION (REGION_ID, REGION_NAME) VALUES (4, '강서구');
INSERT INTO REGION (REGION_ID, REGION_NAME) VALUES (5, '관악구');
INSERT INTO REGION (REGION_ID, REGION_NAME) VALUES (6, '광진구');
INSERT INTO REGION (REGION_ID, REGION_NAME) VALUES (7, '구로구');
INSERT INTO REGION (REGION_ID, REGION_NAME) VALUES (8, '금천구');
INSERT INTO REGION (REGION_ID, REGION_NAME) VALUES (9, '노원구');
INSERT INTO REGION (REGION_ID, REGION_NAME) VALUES (10, '도봉구');
INSERT INTO REGION (REGION_ID, REGION_NAME) VALUES (11, '동대문구');
INSERT INTO REGION (REGION_ID, REGION_NAME) VALUES (12, '동작구');
INSERT INTO REGION (REGION_ID, REGION_NAME) VALUES (13, '마포구');
INSERT INTO REGION (REGION_ID, REGION_NAME) VALUES (14, '서대문구');
INSERT INTO REGION (REGION_ID, REGION_NAME) VALUES (15, '서초구');
INSERT INTO REGION (REGION_ID, REGION_NAME) VALUES (16, '성동구');
INSERT INTO REGION (REGION_ID, REGION_NAME) VALUES (17, '성북구');
INSERT INTO REGION (REGION_ID, REGION_NAME) VALUES (18, '송파구');
INSERT INTO REGION (REGION_ID, REGION_NAME) VALUES (19, '양천구');
INSERT INTO REGION (REGION_ID, REGION_NAME) VALUES (20, '영등포구');
INSERT INTO REGION (REGION_ID, REGION_NAME) VALUES (21, '용산구');
INSERT INTO REGION (REGION_ID, REGION_NAME) VALUES (22, '은평구');
INSERT INTO REGION (REGION_ID, REGION_NAME) VALUES (23, '종로구');
INSERT INTO REGION (REGION_ID, REGION_NAME) VALUES (24, '중구');
INSERT INTO REGION (REGION_ID, REGION_NAME) VALUES (25, '중랑구');
INSERT INTO REGION (REGION_ID, REGION_NAME) VALUES (26, '전체');


INSERT INTO DEV_DOMAIN (DEV_DOMAIN_ID, DEV_DOMAIN_TYPE) VALUES (1, '조작 능력');
INSERT INTO DEV_DOMAIN (DEV_DOMAIN_ID, DEV_DOMAIN_TYPE) VALUES (2, '인지 능력');
INSERT INTO DEV_DOMAIN (DEV_DOMAIN_ID, DEV_DOMAIN_TYPE) VALUES (3, '운동/신체 능력');
INSERT INTO DEV_DOMAIN (DEV_DOMAIN_ID, DEV_DOMAIN_TYPE) VALUES (4, '정서발달');


INSERT INTO KINDERGARTEN (KINDERGARTEN_ID, KINDERGARTEN_NAME, KINDERGARTEN_ADDRESS, KINDERGARTEN_NEWADDRESS, KINDERGARTEN_PHONE, X, Y, DELETED, CREATED_AT, UPDATED_AT, REGION_ID)            VALUES (1, '천사어린이집', '서울특별시 금천구 시흥동 1026|서울특별시 금천구 시흥동 1027', '서울특별시 금천구 시흥대로 165', '02-806-1002', '126.90072', '37.4479', FALSE, now(), now(), 8);
INSERT INTO KINDERGARTEN (KINDERGARTEN_ID, KINDERGARTEN_NAME, KINDERGARTEN_ADDRESS, KINDERGARTEN_NEWADDRESS, KINDERGARTEN_PHONE, X, Y, DELETED, CREATED_AT, UPDATED_AT, REGION_ID)            VALUES (2, '아이들세상어린이집', '서울특별시 도봉구 방학동 272|서울특별시 도봉구 방학동 272-1', '방학로 193', '02-3493-0800', '127.02907', '37.661682', FALSE, now(), now(), 10);
INSERT INTO KINDERGARTEN (KINDERGARTEN_ID, KINDERGARTEN_NAME, KINDERGARTEN_ADDRESS, KINDERGARTEN_NEWADDRESS, KINDERGARTEN_PHONE, X, Y, DELETED, CREATED_AT, UPDATED_AT, REGION_ID)            VALUES (3, '덕성어린이집', '서울특별시 구로구 고척동 166-3|서울특별시 구로구 고척동 223', '서울특별시 구로구 고척로51길 46', '02-2612-4788', '126.85423', '37.50671', FALSE, now(), now(), 7);
INSERT INTO KINDERGARTEN (KINDERGARTEN_ID, KINDERGARTEN_NAME, KINDERGARTEN_ADDRESS, KINDERGARTEN_NEWADDRESS, KINDERGARTEN_PHONE, X, Y, DELETED, CREATED_AT, UPDATED_AT, REGION_ID)            VALUES (4, '곰달래어린이집', '서울특별시 강서구 화곡동 802-1|서울특별시 강서구 화곡동 802-2', '서울특별시 강서구 곰달래로53길 30-20', '02-2646-7142', '126.8602', '37.53365', FALSE, now(), now(), 4);
INSERT INTO KINDERGARTEN (KINDERGARTEN_ID, KINDERGARTEN_NAME, KINDERGARTEN_ADDRESS, KINDERGARTEN_NEWADDRESS, KINDERGARTEN_PHONE, X, Y, DELETED, CREATED_AT, UPDATED_AT, REGION_ID)            VALUES (5, '아이엠어린이집', '서울특별시 동작구 신대방동 470-8', '여의대방로10길 13', '02-835-6046', '126.91494', '37.49603', FALSE, now(), now(), 12);
INSERT INTO KINDERGARTEN (KINDERGARTEN_ID, KINDERGARTEN_NAME, KINDERGARTEN_ADDRESS, KINDERGARTEN_NEWADDRESS, KINDERGARTEN_PHONE, X, Y, DELETED, CREATED_AT, UPDATED_AT, REGION_ID)            VALUES (6, '해든어린이집', '서울특별시 광진구 자양동 57-53', '서울특별시 광진구 능동로3마길 1', '02-463-0942', '127.06423', '37.53434', FALSE, now(), now(), 6);
INSERT INTO KINDERGARTEN (KINDERGARTEN_ID, KINDERGARTEN_NAME, KINDERGARTEN_ADDRESS, KINDERGARTEN_NEWADDRESS, KINDERGARTEN_PHONE, X, Y, DELETED, CREATED_AT, UPDATED_AT, REGION_ID)            VALUES (7, '세빛어린이집', '서울특별시 동대문구 휘경동 368', '망우로20길 86', '02-3394-5569', '127.066605', '37.590496', FALSE, now(), now(), 11);
INSERT INTO KINDERGARTEN (KINDERGARTEN_ID, KINDERGARTEN_NAME, KINDERGARTEN_ADDRESS, KINDERGARTEN_NEWADDRESS, KINDERGARTEN_PHONE, X, Y, DELETED, CREATED_AT, UPDATED_AT, REGION_ID)            VALUES (8, '가락본동어린이집', '서울특별시 송파구 가락동 16|서울특별시 송파구 가락동 14-1', '서울특별시 송파구 송이로17길 46', '02-403-0405', '127.12465', '37.50101', FALSE, now(), now(), 18);
INSERT INTO KINDERGARTEN (KINDERGARTEN_ID, KINDERGARTEN_NAME, KINDERGARTEN_ADDRESS, KINDERGARTEN_NEWADDRESS, KINDERGARTEN_PHONE, X, Y, DELETED, CREATED_AT, UPDATED_AT, REGION_ID)            VALUES (9, '강남데시앙포레어린이집 ', '서울특별시 강남구 수서동 795', '광평로34길 55', '02-459-2525', '127.09237', '37.48085', FALSE, now(), now(), 1);
INSERT INTO KINDERGARTEN (KINDERGARTEN_ID, KINDERGARTEN_NAME, KINDERGARTEN_ADDRESS, KINDERGARTEN_NEWADDRESS, KINDERGARTEN_PHONE, X, Y, DELETED, CREATED_AT, UPDATED_AT, REGION_ID)            VALUES (10, '동그라미어린이집', '서울특별시 강북구 미아동 1354', '솔샘로 159', '02-982-7582', '127.01148', '37.6204', FALSE, now(), now(), 3);


INSERT INTO KINDERGARTEN_OPERATE_TIME (KINDERGARTEN_OPERATE_TIME_ID, START_TIME, END_TIME, DAY_TYPE, KINDERGARTEN_ID) VALUES (1, '09:00', '18:00', 'WEEKEND', 1);
INSERT INTO KINDERGARTEN_OPERATE_TIME (KINDERGARTEN_OPERATE_TIME_ID, START_TIME, END_TIME, DAY_TYPE, KINDERGARTEN_ID) VALUES (2, '09:00', '18:00', 'WEEKEND', 2);
INSERT INTO KINDERGARTEN_OPERATE_TIME (KINDERGARTEN_OPERATE_TIME_ID, START_TIME, END_TIME, DAY_TYPE, KINDERGARTEN_ID) VALUES (3, '09:00', '18:00', 'WEEKEND', 3);
INSERT INTO KINDERGARTEN_OPERATE_TIME (KINDERGARTEN_OPERATE_TIME_ID, START_TIME, END_TIME, DAY_TYPE, KINDERGARTEN_ID) VALUES (4, '09:00', '18:00', 'WEEKEND', 4);
INSERT INTO KINDERGARTEN_OPERATE_TIME (KINDERGARTEN_OPERATE_TIME_ID, START_TIME, END_TIME, DAY_TYPE, KINDERGARTEN_ID) VALUES (5, '09:00', '18:00', 'WEEKEND', 5);
INSERT INTO KINDERGARTEN_OPERATE_TIME (KINDERGARTEN_OPERATE_TIME_ID, START_TIME, END_TIME, DAY_TYPE, KINDERGARTEN_ID) VALUES (6, '09:00', '18:00', 'WEEKEND', 6);
INSERT INTO KINDERGARTEN_OPERATE_TIME (KINDERGARTEN_OPERATE_TIME_ID, START_TIME, END_TIME, DAY_TYPE, KINDERGARTEN_ID) VALUES (7, '09:00', '18:00', 'WEEKEND', 7);
INSERT INTO KINDERGARTEN_OPERATE_TIME (KINDERGARTEN_OPERATE_TIME_ID, START_TIME, END_TIME, DAY_TYPE, KINDERGARTEN_ID) VALUES (8, '09:00', '18:00', 'WEEKEND', 8);
INSERT INTO KINDERGARTEN_OPERATE_TIME (KINDERGARTEN_OPERATE_TIME_ID, START_TIME, END_TIME, DAY_TYPE, KINDERGARTEN_ID) VALUES (9, '09:00', '18:00', 'WEEKEND', 9);
INSERT INTO KINDERGARTEN_OPERATE_TIME (KINDERGARTEN_OPERATE_TIME_ID, START_TIME, END_TIME, DAY_TYPE, KINDERGARTEN_ID) VALUES (10, '09:00', '18:00', 'WEEKEND', 10);


INSERT INTO HOSPITAL (HOSPITAL_ID, HOSPITAL_NAME, HOSPITAL_ADDRESS, HOSPITAL_NEWADDRESS, HOSPITAL_PHONE, HOSPITAL_TYPE, X, Y, DELETED, CREATED_AT, UPDATED_AT, REGION_ID) VALUES (1, '송파365의원', '서울특별시 송파구 문정동 618', '서울특별시 송파구 송파대로 111', '02-448-7582', 'OCPP', 127.1248, 37.4804, FALSE, now(), now(), 18);
INSERT INTO HOSPITAL (HOSPITAL_ID, HOSPITAL_NAME, HOSPITAL_ADDRESS, HOSPITAL_NEWADDRESS, HOSPITAL_PHONE, HOSPITAL_TYPE, X, Y, DELETED, CREATED_AT, UPDATED_AT, REGION_ID) VALUES (2, '연세도우리소아청소년과의원', '서울특별시 강남구 개포동 189', '서울특별시 강남구 삼성로 14', '02-459-2024', 'OCPP', 127.0529, 37.4808, FALSE, now(), now(), 1);
INSERT INTO HOSPITAL (HOSPITAL_ID, HOSPITAL_NAME, HOSPITAL_ADDRESS, HOSPITAL_NEWADDRESS, HOSPITAL_PHONE, HOSPITAL_TYPE, X, Y, DELETED, CREATED_AT, UPDATED_AT, REGION_ID) VALUES (3, '24시열린의원', '서울특별시 마포구 상암동 1605', '서울특별시 마포구 월드컵북로 396', '02-2132-2475', 'OCPP', 126.8902, 37.5791, FALSE, now(), now(), 13);
INSERT INTO HOSPITAL (HOSPITAL_ID, HOSPITAL_NAME, HOSPITAL_ADDRESS, HOSPITAL_NEWADDRESS, HOSPITAL_PHONE, HOSPITAL_TYPE, X, Y, DELETED, CREATED_AT, UPDATED_AT, REGION_ID) VALUES (4, '24시열린의원', '서울특별시 광진구 자양동 227-342', '서울특별시 광진구 능동로 90', '02-455-2475', 'OCPP', 127.071, 37.5386, FALSE, now(), now(), 6);
INSERT INTO HOSPITAL (HOSPITAL_ID, HOSPITAL_NAME, HOSPITAL_ADDRESS, HOSPITAL_NEWADDRESS, HOSPITAL_PHONE, HOSPITAL_TYPE, X, Y, DELETED, CREATED_AT, UPDATED_AT, REGION_ID) VALUES (5, '24시열린의원', '서울특별시 양천구 목동 923-14', '서울특별시 양천구 목동동로 233-1', '02-2644-2475', 'OCPP', 126.8715, 37.5274, FALSE, now(), now(), 19);
INSERT INTO HOSPITAL (HOSPITAL_ID, HOSPITAL_NAME, HOSPITAL_ADDRESS, HOSPITAL_NEWADDRESS, HOSPITAL_PHONE, HOSPITAL_TYPE, X, Y, DELETED, CREATED_AT, UPDATED_AT, REGION_ID) VALUES (6, '24시열린의원', '서울특별시 송파구 잠실동 250-5', '서울특별시 송파구 백제고분로 187', '02-415-2475', 'OCPP', 127.0877, 37.5047, FALSE, now(), now(), 18);
INSERT INTO HOSPITAL (HOSPITAL_ID, HOSPITAL_NAME, HOSPITAL_ADDRESS, HOSPITAL_NEWADDRESS, HOSPITAL_PHONE, HOSPITAL_TYPE, X, Y, DELETED, CREATED_AT, UPDATED_AT, REGION_ID) VALUES (7, '연세의원', '서울특별시 강서구 화곡동 1060-6', '서울특별시 강서구 화곡로 197', '02-2601-3433', 'OCPP', 126.8388, 37.5298, FALSE, now(), now(), 4);
INSERT INTO HOSPITAL (HOSPITAL_ID, HOSPITAL_NAME, HOSPITAL_ADDRESS, HOSPITAL_NEWADDRESS, HOSPITAL_PHONE, HOSPITAL_TYPE, X, Y, DELETED, CREATED_AT, UPDATED_AT, REGION_ID) VALUES (8, '구로우리아이들병원', '서울특별시 구로구 구로동 586-5', '서울특별시 구로구 새말로 15', '0507-1320-0102', 'OCPP', 126.8825, 37.502, FALSE, now(), now(), 7);
INSERT INTO HOSPITAL (HOSPITAL_ID, HOSPITAL_NAME, HOSPITAL_ADDRESS, HOSPITAL_NEWADDRESS, HOSPITAL_PHONE, HOSPITAL_TYPE, X, Y, DELETED, CREATED_AT, UPDATED_AT, REGION_ID) VALUES (9, '성북우리아이들병원', '서울특별시 성북구 하월곡동 88-470', '서울특별시 성북구 동소문로46길 10', '0507-1496-0128', 'OCPP', 127.0293, 37.6069, FALSE, now(), now(), 17);
INSERT INTO HOSPITAL (HOSPITAL_ID, HOSPITAL_NAME, HOSPITAL_ADDRESS, HOSPITAL_NEWADDRESS, HOSPITAL_PHONE, HOSPITAL_TYPE, X, Y, DELETED, CREATED_AT, UPDATED_AT, REGION_ID) VALUES (10, '연세곰돌이소아청소년과의원', '서울특별시 서초구 방배동 796-27', '서울특별시 서초구 방배로 226', '0507-1373-4585', 'OCPP', 126.9905, 37.4934, FALSE, now(), now(), 15);
INSERT INTO HOSPITAL (HOSPITAL_ID, HOSPITAL_NAME, HOSPITAL_ADDRESS, HOSPITAL_NEWADDRESS, HOSPITAL_PHONE, HOSPITAL_TYPE, X, Y, DELETED, CREATED_AT, UPDATED_AT, REGION_ID) VALUES (11, '세곡달빛의원', '서울특별시 강남구 세곡동 594', '서울특별시 강남구 헌릉로569길 27', '02-459-0119', 'OCPP', 127.0987, 37.4668, FALSE, now(), now(), 1);
INSERT INTO HOSPITAL (HOSPITAL_ID, HOSPITAL_NAME, HOSPITAL_ADDRESS, HOSPITAL_NEWADDRESS, HOSPITAL_PHONE, HOSPITAL_TYPE, X, Y, DELETED, CREATED_AT, UPDATED_AT, REGION_ID) VALUES (12, '미즈아이프라자산부인과의원', '서울특별시 노원구 상계동 1132-144', '서울특별시 노원구 동일로 1669', '02-931-5224', 'OCPP', 127.055, 37.6774, FALSE, now(), now(), 9);
INSERT INTO HOSPITAL (HOSPITAL_ID, HOSPITAL_NAME, HOSPITAL_ADDRESS, HOSPITAL_NEWADDRESS, HOSPITAL_PHONE, HOSPITAL_TYPE, X, Y, DELETED, CREATED_AT, UPDATED_AT, REGION_ID) VALUES (13, '소화의원', '서울특별시 용산구 서계동 224-32', '서울특별시 용산구 청파로 383', '02-705-9000', 'OCPP', 126.9686, 37.5537, FALSE, now(), now(), 21);
INSERT INTO HOSPITAL (HOSPITAL_ID, HOSPITAL_NAME, HOSPITAL_ADDRESS, HOSPITAL_NEWADDRESS, HOSPITAL_PHONE, HOSPITAL_TYPE, X, Y, DELETED, CREATED_AT, UPDATED_AT, REGION_ID) VALUES (14, '신촌세브란스병원', '서울특별시 서대문구 신촌동 134', '서울특별시 서대문구 연세로 50-1', '1599-1004', 'ETPP', 126.9404, 37.5621, FALSE, now(), now(), 14);
INSERT INTO HOSPITAL (HOSPITAL_ID, HOSPITAL_NAME, HOSPITAL_ADDRESS, HOSPITAL_NEWADDRESS, HOSPITAL_PHONE, HOSPITAL_TYPE, X, Y, DELETED, CREATED_AT, UPDATED_AT, REGION_ID) VALUES (15, '서울아산병원', '서울특별시 송파구 풍납동 388-1', '서울특별시 송파구 올림픽로43길 88', '1688-7575', 'ETPP', 127.1082, 37.5265, FALSE, now(), now(), 18);
INSERT INTO HOSPITAL (HOSPITAL_ID, HOSPITAL_NAME, HOSPITAL_ADDRESS, HOSPITAL_NEWADDRESS, HOSPITAL_PHONE, HOSPITAL_TYPE, X, Y, DELETED, CREATED_AT, UPDATED_AT, REGION_ID) VALUES (16, '서울대학교병원', '서울특별시 종로구 연건동 28-21', '서울특별시 종로구 대학로 101', '1588-5700', 'ETPP', 126.9991, 37.5795, FALSE, now(), now(), 23);
INSERT INTO HOSPITAL (HOSPITAL_ID, HOSPITAL_NAME, HOSPITAL_ADDRESS, HOSPITAL_NEWADDRESS, HOSPITAL_PHONE, HOSPITAL_TYPE, X, Y, DELETED, CREATED_AT, UPDATED_AT, REGION_ID) VALUES (17, '순천향대서울병원', '서울특별시 용산구 한남동 657-58', '서울특별시 용산구 대사관로 59', '02-709-9114', 'UCPP', 127.0044, 37.5339, FALSE, now(), now(), 21);
INSERT INTO HOSPITAL (HOSPITAL_ID, HOSPITAL_NAME, HOSPITAL_ADDRESS, HOSPITAL_NEWADDRESS, HOSPITAL_PHONE, HOSPITAL_TYPE, X, Y, DELETED, CREATED_AT, UPDATED_AT, REGION_ID) VALUES (18, '강북삼성병원', '서울특별시 종로구 평동 108-1', '서울특별시 종로구 새문안로 29', '1599-8114', 'UCPP', 126.9675, 37.5683, FALSE, now(), now(), 23);
INSERT INTO HOSPITAL (HOSPITAL_ID, HOSPITAL_NAME, HOSPITAL_ADDRESS, HOSPITAL_NEWADDRESS, HOSPITAL_PHONE, HOSPITAL_TYPE, X, Y, DELETED, CREATED_AT, UPDATED_AT, REGION_ID) VALUES (19, '보라매병원', '서울특별시 동작구 신대방동 425', '서울특별시 동작구 보라매로5길 20', '1577-0075', 'UCPP', 126.9245, 37.4932, FALSE, now(), now(), 12);
INSERT INTO HOSPITAL (HOSPITAL_ID, HOSPITAL_NAME, HOSPITAL_ADDRESS, HOSPITAL_NEWADDRESS, HOSPITAL_PHONE, HOSPITAL_TYPE, X, Y, DELETED, CREATED_AT, UPDATED_AT, REGION_ID) VALUES (20, '서울의료원', '서울특별시 중랑구 신내동 316', '서울특별시 중랑구 신내로 156', '02-2276-7000', 'UCPP', 127.0982, 37.6128, FALSE, now(), now(), 25);
INSERT INTO HOSPITAL (HOSPITAL_ID, HOSPITAL_NAME, HOSPITAL_ADDRESS, HOSPITAL_NEWADDRESS, HOSPITAL_PHONE, HOSPITAL_TYPE, X, Y, DELETED, CREATED_AT, UPDATED_AT, REGION_ID) VALUES (21, '이대서울병원', '서울특별시 강서구 마곡동 808', '서울특별시 강서구 공항대로 260', '1522-7000', 'UCPP', 126.8363, 37.5573, FALSE, now(), now(), 4);
INSERT INTO HOSPITAL (HOSPITAL_ID, HOSPITAL_NAME, HOSPITAL_ADDRESS, HOSPITAL_NEWADDRESS, HOSPITAL_PHONE, HOSPITAL_TYPE, X, Y, DELETED, CREATED_AT, UPDATED_AT, REGION_ID) VALUES (22, '서울성모병원', '서울특별시 서초구 반포동 505', '서울특별시 서초구 반포대로 222', '1588-1511', 'UCPP', 127.0047, 37.5016, FALSE, now(), now(), 15);
INSERT INTO HOSPITAL (HOSPITAL_ID, HOSPITAL_NAME, HOSPITAL_ADDRESS, HOSPITAL_NEWADDRESS, HOSPITAL_PHONE, HOSPITAL_TYPE, X, Y, DELETED, CREATED_AT, UPDATED_AT, REGION_ID) VALUES (23, '삼성서울병원', '서울특별시 강남구 일원동 50', '서울특별시 강남구 일원로 81', '1599-3114', 'UCPP', 127.085, 37.4881, FALSE, now(), now(), 1);
INSERT INTO HOSPITAL (HOSPITAL_ID, HOSPITAL_NAME, HOSPITAL_ADDRESS, HOSPITAL_NEWADDRESS, HOSPITAL_PHONE, HOSPITAL_TYPE, X, Y, DELETED, CREATED_AT, UPDATED_AT, REGION_ID) VALUES (24, '은평성모병원', '서울특별시 은평구 진관동 55', '서울특별시 은평구 통일로 1021', '1811-7755', 'UCPP', 126.9166, 37.6339, FALSE, now(), now(), 22);
INSERT INTO HOSPITAL (HOSPITAL_ID, HOSPITAL_NAME, HOSPITAL_ADDRESS, HOSPITAL_NEWADDRESS, HOSPITAL_PHONE, HOSPITAL_TYPE, X, Y, DELETED, CREATED_AT, UPDATED_AT, REGION_ID) VALUES (25, '로뎀소아청소년과의원', '서울특별시 강서구 마곡동 799-1', '서울특별시 강서구 공항대로 186', '02-2667-0130', 'PCPP', 126.828, 37.5591, FALSE, now(), now(), 4);
INSERT INTO HOSPITAL (HOSPITAL_ID, HOSPITAL_NAME, HOSPITAL_ADDRESS, HOSPITAL_NEWADDRESS, HOSPITAL_PHONE, HOSPITAL_TYPE, X, Y, DELETED, CREATED_AT, UPDATED_AT, REGION_ID) VALUES (26, '반포키즈소아청소년과의원', '서울특별시 서초구 잠원동 58-24', '서울특별시 서초구 신반포로 257', '02-533-7075', 'PCPP', 127.013, 37.5094, FALSE, now(), now(), 15);
INSERT INTO HOSPITAL (HOSPITAL_ID, HOSPITAL_NAME, HOSPITAL_ADDRESS, HOSPITAL_NEWADDRESS, HOSPITAL_PHONE, HOSPITAL_TYPE, X, Y, DELETED, CREATED_AT, UPDATED_AT, REGION_ID) VALUES (27, '미래소아청소년과의원', '서울특별시 강북구 미아동 1359', '서울특별시 강북구 삼양로 247', '02-987-7015', 'PCPP', 127.0178, 37.6256, FALSE, now(), now(), 3);
INSERT INTO HOSPITAL (HOSPITAL_ID, HOSPITAL_NAME, HOSPITAL_ADDRESS, HOSPITAL_NEWADDRESS, HOSPITAL_PHONE, HOSPITAL_TYPE, X, Y, DELETED, CREATED_AT, UPDATED_AT, REGION_ID) VALUES (28, '장스소아청소년과의원', '서울특별시 중랑구 망우동 488-8', '서울특별시 중랑구 망우로 411', '02-490-4131', 'PCPP', 127.0975, 37.5997, FALSE, now(), now(), 25);
INSERT INTO HOSPITAL (HOSPITAL_ID, HOSPITAL_NAME, HOSPITAL_ADDRESS, HOSPITAL_NEWADDRESS, HOSPITAL_PHONE, HOSPITAL_TYPE, X, Y, DELETED, CREATED_AT, UPDATED_AT, REGION_ID) VALUES (29, '명소아청소년과의원', '서울특별시 관악구 봉천동 463-3', '서울특별시 관악구 양녕로 50', '02-882-3668', 'PCPP', 126.9472, 37.4864, FALSE, now(), now(), 5);
INSERT INTO HOSPITAL (HOSPITAL_ID, HOSPITAL_NAME, HOSPITAL_ADDRESS, HOSPITAL_NEWADDRESS, HOSPITAL_PHONE, HOSPITAL_TYPE, X, Y, DELETED, CREATED_AT, UPDATED_AT, REGION_ID) VALUES (30, '아이들소아청소년과', '서울특별시 성동구 행당동 267-23', '서울특별시 성동구 고산자로 234', '02-2298-0144', 'PCPP', 127.0352, 37.5605, FALSE, now(), now(), 16);
INSERT INTO HOSPITAL (HOSPITAL_ID, HOSPITAL_NAME, HOSPITAL_ADDRESS, HOSPITAL_NEWADDRESS, HOSPITAL_PHONE, HOSPITAL_TYPE, X, Y, DELETED, CREATED_AT, UPDATED_AT, REGION_ID) VALUES (31, '플러스소아청소년과의원', '서울특별시 금천구 독산동 291-7', '서울특별시 금천구 시흥대로 391', '02-809-7582', 'PCPP', 126.8968, 37.4685, FALSE, now(), now(), 8);
INSERT INTO HOSPITAL (HOSPITAL_ID, HOSPITAL_NAME, HOSPITAL_ADDRESS, HOSPITAL_NEWADDRESS, HOSPITAL_PHONE, HOSPITAL_TYPE, X, Y, DELETED, CREATED_AT, UPDATED_AT, REGION_ID) VALUES (32, '연세성심의원', '서울특별시 강동구 천호동 42', '서울특별시 강동구 양재대로 1571', '02-476-7726', 'PCPP', 127.1423, 37.5456, FALSE, now(), now(), 2);
INSERT INTO HOSPITAL (HOSPITAL_ID, HOSPITAL_NAME, HOSPITAL_ADDRESS, HOSPITAL_NEWADDRESS, HOSPITAL_PHONE, HOSPITAL_TYPE, X, Y, DELETED, CREATED_AT, UPDATED_AT, REGION_ID) VALUES (33, '하늘별소아청소년과의원', '서울특별시 노원구 중계동 359-11', '서울특별시 노원구 한글비석로 263', '02-951-8811', 'PCPP', 127.0764, 37.6512, FALSE, now(), now(), 9);
INSERT INTO HOSPITAL (HOSPITAL_ID, HOSPITAL_NAME, HOSPITAL_ADDRESS, HOSPITAL_NEWADDRESS, HOSPITAL_PHONE, HOSPITAL_TYPE, X, Y, DELETED, CREATED_AT, UPDATED_AT, REGION_ID) VALUES (34, '연세이문소아청소년과의원', '서울특별시 동대문구 이문동 237-137', '서울특별시 동대문구 신이문로 27', '02-962-3062', 'PCPP', 127.0646, 37.6031, FALSE, now(), now(), 11);


INSERT INTO HOSPITAL_OPERATE_TIME (HOSPITAL_OPERATE_TIME_ID, START_TIME, END_TIME, DAY_TYPE, HOSPITAL_ID) VALUES (1, '18:00', '23:59', 'WEEKDAY', 1);
INSERT INTO HOSPITAL_OPERATE_TIME (HOSPITAL_OPERATE_TIME_ID, START_TIME, END_TIME, DAY_TYPE, HOSPITAL_ID) VALUES (2, '08:30', '23:59', 'WEEKEND', 1);
INSERT INTO HOSPITAL_OPERATE_TIME (HOSPITAL_OPERATE_TIME_ID, START_TIME, END_TIME, DAY_TYPE, HOSPITAL_ID) VALUES (3, '18:00', '23:00', 'WEEKDAY', 2);
INSERT INTO HOSPITAL_OPERATE_TIME (HOSPITAL_OPERATE_TIME_ID, START_TIME, END_TIME, DAY_TYPE, HOSPITAL_ID) VALUES (4, '09:30', '18:00', 'WEEKEND', 2);
INSERT INTO HOSPITAL_OPERATE_TIME (HOSPITAL_OPERATE_TIME_ID, START_TIME, END_TIME, DAY_TYPE, HOSPITAL_ID) VALUES (5, '18:00', '23:59', 'WEEKDAY', 3);
INSERT INTO HOSPITAL_OPERATE_TIME (HOSPITAL_OPERATE_TIME_ID, START_TIME, END_TIME, DAY_TYPE, HOSPITAL_ID) VALUES (6, '09:00', '23:59', 'WEEKEND', 3);
INSERT INTO HOSPITAL_OPERATE_TIME (HOSPITAL_OPERATE_TIME_ID, START_TIME, END_TIME, DAY_TYPE, HOSPITAL_ID) VALUES (7, '18:00', '23:59', 'WEEKDAY', 4);
INSERT INTO HOSPITAL_OPERATE_TIME (HOSPITAL_OPERATE_TIME_ID, START_TIME, END_TIME, DAY_TYPE, HOSPITAL_ID) VALUES (8, '09:00', '23:59', 'WEEKEND', 4);
INSERT INTO HOSPITAL_OPERATE_TIME (HOSPITAL_OPERATE_TIME_ID, START_TIME, END_TIME, DAY_TYPE, HOSPITAL_ID) VALUES (9, '18:00', '23:00', 'WEEKDAY', 5);
INSERT INTO HOSPITAL_OPERATE_TIME (HOSPITAL_OPERATE_TIME_ID, START_TIME, END_TIME, DAY_TYPE, HOSPITAL_ID) VALUES (10, '09:00', '23:59', 'WEEKEND', 5);
INSERT INTO HOSPITAL_OPERATE_TIME (HOSPITAL_OPERATE_TIME_ID, START_TIME, END_TIME, DAY_TYPE, HOSPITAL_ID) VALUES (11, '18:00', '23:59', 'WEEKDAY', 6);
INSERT INTO HOSPITAL_OPERATE_TIME (HOSPITAL_OPERATE_TIME_ID, START_TIME, END_TIME, DAY_TYPE, HOSPITAL_ID) VALUES (12, '09:00', '23:59', 'WEEKEND', 6);
INSERT INTO HOSPITAL_OPERATE_TIME (HOSPITAL_OPERATE_TIME_ID, START_TIME, END_TIME, DAY_TYPE, HOSPITAL_ID) VALUES (13, '8:30', ' 18:00', 'WEEKEND', 7);
INSERT INTO HOSPITAL_OPERATE_TIME (HOSPITAL_OPERATE_TIME_ID, START_TIME, END_TIME, DAY_TYPE, HOSPITAL_ID) VALUES (14, '9:00', '18:00', 'WEEKEND', 8);
INSERT INTO HOSPITAL_OPERATE_TIME (HOSPITAL_OPERATE_TIME_ID, START_TIME, END_TIME, DAY_TYPE, HOSPITAL_ID) VALUES (15, '18:00', '22:00', 'WEEKDAY', 9);
INSERT INTO HOSPITAL_OPERATE_TIME (HOSPITAL_OPERATE_TIME_ID, START_TIME, END_TIME, DAY_TYPE, HOSPITAL_ID) VALUES (16, '09:00', '18:00', 'WEEKEND', 9);
INSERT INTO HOSPITAL_OPERATE_TIME (HOSPITAL_OPERATE_TIME_ID, START_TIME, END_TIME, DAY_TYPE, HOSPITAL_ID) VALUES (17, '18:00', '23:59', 'WEEKDAY', 10);
INSERT INTO HOSPITAL_OPERATE_TIME (HOSPITAL_OPERATE_TIME_ID, START_TIME, END_TIME, DAY_TYPE, HOSPITAL_ID) VALUES (18, '09:00', '23:59', 'WEEKEND', 10);
INSERT INTO HOSPITAL_OPERATE_TIME (HOSPITAL_OPERATE_TIME_ID, START_TIME, END_TIME, DAY_TYPE, HOSPITAL_ID) VALUES (19, '18:00', '23:00', 'WEEKDAY', 11);
INSERT INTO HOSPITAL_OPERATE_TIME (HOSPITAL_OPERATE_TIME_ID, START_TIME, END_TIME, DAY_TYPE, HOSPITAL_ID) VALUES (20, '09:30', '21:00', 'WEEKEND', 11);
INSERT INTO HOSPITAL_OPERATE_TIME (HOSPITAL_OPERATE_TIME_ID, START_TIME, END_TIME, DAY_TYPE, HOSPITAL_ID) VALUES (21, '9:00', '19:00', 'WEEKEND', 12);
INSERT INTO HOSPITAL_OPERATE_TIME (HOSPITAL_OPERATE_TIME_ID, START_TIME, END_TIME, DAY_TYPE, HOSPITAL_ID) VALUES (22, '8:30', '12:00', 'WEEKEND', 13);
INSERT INTO HOSPITAL_OPERATE_TIME (HOSPITAL_OPERATE_TIME_ID, START_TIME, END_TIME, DAY_TYPE, HOSPITAL_ID) VALUES (23, '0:00', ' 23:59', 'WEEKDAY', 14);
INSERT INTO HOSPITAL_OPERATE_TIME (HOSPITAL_OPERATE_TIME_ID, START_TIME, END_TIME, DAY_TYPE, HOSPITAL_ID) VALUES (24, '0:00', ' 23:59', 'WEEKEND', 14);
INSERT INTO HOSPITAL_OPERATE_TIME (HOSPITAL_OPERATE_TIME_ID, START_TIME, END_TIME, DAY_TYPE, HOSPITAL_ID) VALUES (25, '0:00', ' 23:59', 'WEEKDAY', 15);
INSERT INTO HOSPITAL_OPERATE_TIME (HOSPITAL_OPERATE_TIME_ID, START_TIME, END_TIME, DAY_TYPE, HOSPITAL_ID) VALUES (26, '0:00', ' 23:59', 'WEEKEND', 15);
INSERT INTO HOSPITAL_OPERATE_TIME (HOSPITAL_OPERATE_TIME_ID, START_TIME, END_TIME, DAY_TYPE, HOSPITAL_ID) VALUES (27, '0:00', ' 23:59', 'WEEKDAY', 16);
INSERT INTO HOSPITAL_OPERATE_TIME (HOSPITAL_OPERATE_TIME_ID, START_TIME, END_TIME, DAY_TYPE, HOSPITAL_ID) VALUES (28, '0:00', ' 23:59', 'WEEKEND', 16);
INSERT INTO HOSPITAL_OPERATE_TIME (HOSPITAL_OPERATE_TIME_ID, START_TIME, END_TIME, DAY_TYPE, HOSPITAL_ID) VALUES (29, '0:00', ' 23:59', 'WEEKDAY', 17);
INSERT INTO HOSPITAL_OPERATE_TIME (HOSPITAL_OPERATE_TIME_ID, START_TIME, END_TIME, DAY_TYPE, HOSPITAL_ID) VALUES (30, '0:00', ' 23:59', 'WEEKEND', 17);
INSERT INTO HOSPITAL_OPERATE_TIME (HOSPITAL_OPERATE_TIME_ID, START_TIME, END_TIME, DAY_TYPE, HOSPITAL_ID) VALUES (31, '0:00', ' 23:59', 'WEEKDAY', 18);
INSERT INTO HOSPITAL_OPERATE_TIME (HOSPITAL_OPERATE_TIME_ID, START_TIME, END_TIME, DAY_TYPE, HOSPITAL_ID) VALUES (32, '0:00', ' 23:59', 'WEEKEND', 18);
INSERT INTO HOSPITAL_OPERATE_TIME (HOSPITAL_OPERATE_TIME_ID, START_TIME, END_TIME, DAY_TYPE, HOSPITAL_ID) VALUES (33, '0:00', ' 23:59', 'WEEKDAY', 19);
INSERT INTO HOSPITAL_OPERATE_TIME (HOSPITAL_OPERATE_TIME_ID, START_TIME, END_TIME, DAY_TYPE, HOSPITAL_ID) VALUES (34, '0:00', ' 23:59', 'WEEKEND', 19);
INSERT INTO HOSPITAL_OPERATE_TIME (HOSPITAL_OPERATE_TIME_ID, START_TIME, END_TIME, DAY_TYPE, HOSPITAL_ID) VALUES (35, '0:00', ' 23:59', 'WEEKDAY', 20);
INSERT INTO HOSPITAL_OPERATE_TIME (HOSPITAL_OPERATE_TIME_ID, START_TIME, END_TIME, DAY_TYPE, HOSPITAL_ID) VALUES (36, '0:00', ' 23:59', 'WEEKEND', 20);
INSERT INTO HOSPITAL_OPERATE_TIME (HOSPITAL_OPERATE_TIME_ID, START_TIME, END_TIME, DAY_TYPE, HOSPITAL_ID) VALUES (37, '0:00', ' 23:59', 'WEEKDAY', 21);
INSERT INTO HOSPITAL_OPERATE_TIME (HOSPITAL_OPERATE_TIME_ID, START_TIME, END_TIME, DAY_TYPE, HOSPITAL_ID) VALUES (38, '0:00', ' 23:59', 'WEEKEND', 21);
INSERT INTO HOSPITAL_OPERATE_TIME (HOSPITAL_OPERATE_TIME_ID, START_TIME, END_TIME, DAY_TYPE, HOSPITAL_ID) VALUES (39, '0:00', ' 23:59', 'WEEKDAY', 22);
INSERT INTO HOSPITAL_OPERATE_TIME (HOSPITAL_OPERATE_TIME_ID, START_TIME, END_TIME, DAY_TYPE, HOSPITAL_ID) VALUES (40, '0:00', ' 23:59', 'WEEKEND', 22);
INSERT INTO HOSPITAL_OPERATE_TIME (HOSPITAL_OPERATE_TIME_ID, START_TIME, END_TIME, DAY_TYPE, HOSPITAL_ID) VALUES (41, '0:00', ' 23:59', 'WEEKDAY', 23);
INSERT INTO HOSPITAL_OPERATE_TIME (HOSPITAL_OPERATE_TIME_ID, START_TIME, END_TIME, DAY_TYPE, HOSPITAL_ID) VALUES (42, '0:00', ' 23:59', 'WEEKEND', 23);
INSERT INTO HOSPITAL_OPERATE_TIME (HOSPITAL_OPERATE_TIME_ID, START_TIME, END_TIME, DAY_TYPE, HOSPITAL_ID) VALUES (43, '0:00', ' 23:59', 'WEEKDAY', 24);
INSERT INTO HOSPITAL_OPERATE_TIME (HOSPITAL_OPERATE_TIME_ID, START_TIME, END_TIME, DAY_TYPE, HOSPITAL_ID) VALUES (44, '0:00', ' 23:59', 'WEEKEND', 24);
INSERT INTO HOSPITAL_OPERATE_TIME (HOSPITAL_OPERATE_TIME_ID, START_TIME, END_TIME, DAY_TYPE, HOSPITAL_ID) VALUES (45, '19:00', '21:00', 'WEEKDAY', 25);
INSERT INTO HOSPITAL_OPERATE_TIME (HOSPITAL_OPERATE_TIME_ID, START_TIME, END_TIME, DAY_TYPE, HOSPITAL_ID) VALUES (46, '19:00', '21:00', 'WEEKDAY', 26);
INSERT INTO HOSPITAL_OPERATE_TIME (HOSPITAL_OPERATE_TIME_ID, START_TIME, END_TIME, DAY_TYPE, HOSPITAL_ID) VALUES (47, '19:00', '21:00', 'WEEKDAY', 27);
INSERT INTO HOSPITAL_OPERATE_TIME (HOSPITAL_OPERATE_TIME_ID, START_TIME, END_TIME, DAY_TYPE, HOSPITAL_ID) VALUES (48, '19:00', '21:00', 'WEEKDAY', 28);
INSERT INTO HOSPITAL_OPERATE_TIME (HOSPITAL_OPERATE_TIME_ID, START_TIME, END_TIME, DAY_TYPE, HOSPITAL_ID) VALUES (49, '19:00', '21:00', 'WEEKDAY', 29);
INSERT INTO HOSPITAL_OPERATE_TIME (HOSPITAL_OPERATE_TIME_ID, START_TIME, END_TIME, DAY_TYPE, HOSPITAL_ID) VALUES (50, '19:00', '21:00', 'WEEKDAY', 30);
INSERT INTO HOSPITAL_OPERATE_TIME (HOSPITAL_OPERATE_TIME_ID, START_TIME, END_TIME, DAY_TYPE, HOSPITAL_ID) VALUES (51, '19:00', '21:00', 'WEEKDAY', 31);
INSERT INTO HOSPITAL_OPERATE_TIME (HOSPITAL_OPERATE_TIME_ID, START_TIME, END_TIME, DAY_TYPE, HOSPITAL_ID) VALUES (52, '19:00', '21:00', 'WEEKDAY', 32);
INSERT INTO HOSPITAL_OPERATE_TIME (HOSPITAL_OPERATE_TIME_ID, START_TIME, END_TIME, DAY_TYPE, HOSPITAL_ID) VALUES (53, '19:00', '21:00', 'WEEKDAY', 33);
INSERT INTO HOSPITAL_OPERATE_TIME (HOSPITAL_OPERATE_TIME_ID, START_TIME, END_TIME, DAY_TYPE, HOSPITAL_ID) VALUES (54, '19:00', '21:00', 'WEEKDAY', 34);


INSERT INTO NOTICE (NOTICE_ID, NOTICE_TITLE, NOTICE_TEXT, NOTICE_IMG_URL, CREATED_AT, UPDATED_AT, DELETED, USERS_ID) VALUES (1, '공지사항 제목1', '공지사항 내용1', 'http://localhost:8080/images/test.jpg', now(), now(), FALSE, 0);
INSERT INTO NOTICE (NOTICE_ID, NOTICE_TITLE, NOTICE_TEXT, NOTICE_IMG_URL, CREATED_AT, UPDATED_AT, DELETED, USERS_ID) VALUES (2, '공지사항 제목2', '공지사항 내용2', 'http://localhost:8080/images/test.jpg', now(), now(), FALSE, 0);
INSERT INTO NOTICE (NOTICE_ID, NOTICE_TITLE, NOTICE_TEXT, NOTICE_IMG_URL, CREATED_AT, UPDATED_AT, DELETED, USERS_ID) VALUES (3, '공지사항 제목3', '공지사항 내용3', 'http://localhost:8080/images/test.jpg', now(), now(), FALSE, 0);
INSERT INTO NOTICE (NOTICE_ID, NOTICE_TITLE, NOTICE_TEXT, NOTICE_IMG_URL, CREATED_AT, UPDATED_AT, DELETED, USERS_ID) VALUES (4, '공지사항 제목4', '공지사항 내용4', 'http://localhost:8080/images/test.jpg', now(), now(), FALSE, 0);
INSERT INTO NOTICE (NOTICE_ID, NOTICE_TITLE, NOTICE_TEXT, NOTICE_IMG_URL, CREATED_AT, UPDATED_AT, DELETED, USERS_ID) VALUES (5, '공지사항 제목5', '공지사항 내용5', 'http://localhost:8080/images/test.jpg', now(), now(), FALSE, 0);
INSERT INTO NOTICE (NOTICE_ID, NOTICE_TITLE, NOTICE_TEXT, NOTICE_IMG_URL, CREATED_AT, UPDATED_AT, DELETED, USERS_ID) VALUES (6, '공지사항 제목6', '공지사항 내용6', 'http://localhost:8080/images/test.jpg', now(), now(), FALSE, 0);
INSERT INTO NOTICE (NOTICE_ID, NOTICE_TITLE, NOTICE_TEXT, NOTICE_IMG_URL, CREATED_AT, UPDATED_AT, DELETED, USERS_ID) VALUES (7, '공지사항 제목7', '공지사항 내용7', 'http://localhost:8080/images/test.jpg', now(), now(), FALSE, 0);
INSERT INTO NOTICE (NOTICE_ID, NOTICE_TITLE, NOTICE_TEXT, NOTICE_IMG_URL, CREATED_AT, UPDATED_AT, DELETED, USERS_ID) VALUES (8, '공지사항 제목8', '공지사항 내용8', 'http://localhost:8080/images/test.jpg', now(), now(), FALSE, 0);
INSERT INTO NOTICE (NOTICE_ID, NOTICE_TITLE, NOTICE_TEXT, NOTICE_IMG_URL, CREATED_AT, UPDATED_AT, DELETED, USERS_ID) VALUES (9, '공지사항 제목9', '공지사항 내용9', 'http://localhost:8080/images/test.jpg', now(), now(), FALSE, 0);
INSERT INTO NOTICE (NOTICE_ID, NOTICE_TITLE, NOTICE_TEXT, NOTICE_IMG_URL, CREATED_AT, UPDATED_AT, DELETED, USERS_ID) VALUES (10, '공지사항 제목10', '공지사항 내용10', 'http://localhost:8080/images/test.jpg', now(), now(), FALSE, 0);
INSERT INTO NOTICE (NOTICE_ID, NOTICE_TITLE, NOTICE_TEXT, NOTICE_IMG_URL, CREATED_AT, UPDATED_AT, DELETED, USERS_ID) VALUES (11, '공지사항 제목11', '공지사항 내용11', 'http://localhost:8080/images/test.jpg', now(), now(), FALSE, 0);
INSERT INTO NOTICE (NOTICE_ID, NOTICE_TITLE, NOTICE_TEXT, NOTICE_IMG_URL, CREATED_AT, UPDATED_AT, DELETED, USERS_ID) VALUES (12, '공지사항 제목12', '공지사항 내용12', 'http://localhost:8080/images/test.jpg', now(), now(), FALSE, 0);
INSERT INTO NOTICE (NOTICE_ID, NOTICE_TITLE, NOTICE_TEXT, NOTICE_IMG_URL, CREATED_AT, UPDATED_AT, DELETED, USERS_ID) VALUES (13, '공지사항 제목13', '공지사항 내용13', 'http://localhost:8080/images/test.jpg', now(), now(), FALSE, 0);
INSERT INTO NOTICE (NOTICE_ID, NOTICE_TITLE, NOTICE_TEXT, NOTICE_IMG_URL, CREATED_AT, UPDATED_AT, DELETED, USERS_ID) VALUES (14, '공지사항 제목14', '공지사항 내용14', 'http://localhost:8080/images/test.jpg', now(), now(), FALSE, 0);
INSERT INTO NOTICE (NOTICE_ID, NOTICE_TITLE, NOTICE_TEXT, NOTICE_IMG_URL, CREATED_AT, UPDATED_AT, DELETED, USERS_ID) VALUES (15, '공지사항 제목15', '공지사항 내용15', 'http://localhost:8080/images/test.jpg', now(), now(), FALSE, 0);
INSERT INTO NOTICE (NOTICE_ID, NOTICE_TITLE, NOTICE_TEXT, NOTICE_IMG_URL, CREATED_AT, UPDATED_AT, DELETED, USERS_ID) VALUES (16, '공지사항 제목16', '공지사항 내용16', 'http://localhost:8080/images/test.jpg', now(), now(), FALSE, 0);
INSERT INTO NOTICE (NOTICE_ID, NOTICE_TITLE, NOTICE_TEXT, NOTICE_IMG_URL, CREATED_AT, UPDATED_AT, DELETED, USERS_ID) VALUES (17, '공지사항 제목17', '공지사항 내용17', 'http://localhost:8080/images/test.jpg', now(), now(), FALSE, 0);
INSERT INTO NOTICE (NOTICE_ID, NOTICE_TITLE, NOTICE_TEXT, NOTICE_IMG_URL, CREATED_AT, UPDATED_AT, DELETED, USERS_ID) VALUES (18, '공지사항 제목18', '공지사항 내용18', 'http://localhost:8080/images/test.jpg', now(), now(), FALSE, 0);
INSERT INTO NOTICE (NOTICE_ID, NOTICE_TITLE, NOTICE_TEXT, NOTICE_IMG_URL, CREATED_AT, UPDATED_AT, DELETED, USERS_ID) VALUES (19, '공지사항 제목19', '공지사항 내용19', 'http://localhost:8080/images/test.jpg', now(), now(), FALSE, 0);
INSERT INTO NOTICE (NOTICE_ID, NOTICE_TITLE, NOTICE_TEXT, NOTICE_IMG_URL, CREATED_AT, UPDATED_AT, DELETED, USERS_ID) VALUES (20, '공지사항 제목20', '공지사항 내용20', 'http://localhost:8080/images/test.jpg', now(), now(), FALSE, 0);
INSERT INTO NOTICE (NOTICE_ID, NOTICE_TITLE, NOTICE_TEXT, NOTICE_IMG_URL, CREATED_AT, UPDATED_AT, DELETED, USERS_ID) VALUES (21, '공지사항 제목21', '공지사항 내용21', 'http://localhost:8080/images/test.jpg', now(), now(), FALSE, 0);
INSERT INTO NOTICE (NOTICE_ID, NOTICE_TITLE, NOTICE_TEXT, NOTICE_IMG_URL, CREATED_AT, UPDATED_AT, DELETED, USERS_ID) VALUES (22, '공지사항 제목22', '공지사항 내용22', 'http://localhost:8080/images/test.jpg', now(), now(), FALSE, 0);
INSERT INTO NOTICE (NOTICE_ID, NOTICE_TITLE, NOTICE_TEXT, NOTICE_IMG_URL, CREATED_AT, UPDATED_AT, DELETED, USERS_ID) VALUES (23, '공지사항 제목23', '공지사항 내용23', 'http://localhost:8080/images/test.jpg', now(), now(), FALSE, 0);
INSERT INTO NOTICE (NOTICE_ID, NOTICE_TITLE, NOTICE_TEXT, NOTICE_IMG_URL, CREATED_AT, UPDATED_AT, DELETED, USERS_ID) VALUES (24, '공지사항 제목24', '공지사항 내용24', 'http://localhost:8080/images/test.jpg', now(), now(), FALSE, 0);
INSERT INTO NOTICE (NOTICE_ID, NOTICE_TITLE, NOTICE_TEXT, NOTICE_IMG_URL, CREATED_AT, UPDATED_AT, DELETED, USERS_ID) VALUES (25, '공지사항 제목25', '공지사항 내용25', 'http://localhost:8080/images/test.jpg', now(), now(), FALSE, 0);
INSERT INTO NOTICE (NOTICE_ID, NOTICE_TITLE, NOTICE_TEXT, NOTICE_IMG_URL, CREATED_AT, UPDATED_AT, DELETED, USERS_ID) VALUES (26, '공지사항 제목26', '공지사항 내용26', 'http://localhost:8080/images/test.jpg', now(), now(), FALSE, 0);
INSERT INTO NOTICE (NOTICE_ID, NOTICE_TITLE, NOTICE_TEXT, NOTICE_IMG_URL, CREATED_AT, UPDATED_AT, DELETED, USERS_ID) VALUES (27, '공지사항 제목27', '공지사항 내용27', 'http://localhost:8080/images/test.jpg', now(), now(), FALSE, 0);
INSERT INTO NOTICE (NOTICE_ID, NOTICE_TITLE, NOTICE_TEXT, NOTICE_IMG_URL, CREATED_AT, UPDATED_AT, DELETED, USERS_ID) VALUES (28, '공지사항 제목28', '공지사항 내용28', 'http://localhost:8080/images/test.jpg', now(), now(), FALSE, 0);
INSERT INTO NOTICE (NOTICE_ID, NOTICE_TITLE, NOTICE_TEXT, NOTICE_IMG_URL, CREATED_AT, UPDATED_AT, DELETED, USERS_ID) VALUES (29, '공지사항 제목29', '공지사항 내용29', 'http://localhost:8080/images/test.jpg', now(), now(), FALSE, 0);
INSERT INTO NOTICE (NOTICE_ID, NOTICE_TITLE, NOTICE_TEXT, NOTICE_IMG_URL, CREATED_AT, UPDATED_AT, DELETED, USERS_ID) VALUES (30, '공지사항 제목30', '공지사항 내용30', 'http://localhost:8080/images/test.jpg', now(), now(), FALSE, 0);


INSERT INTO PLAY_INFO  (PLAY_INFO_ID, PLAY_INFO_TITLE, PLAY_INFO_TEXT, PLAY_INFO_TOOLS, PLAY_INFO_RECOMMEND_AGE, CREATED_AT, UPDATED_AT, DELETED, AGE_TAG_ID, USERS_ID)
VALUES ('1', '거울 보며 냠냠', '거울 보며 아기와 함께 숟가락 놀이를 해보세요. 숟가락 사용이 익숙하지 않은 아기가 엄마의 표정과 행동에 호기심을 가지고 따라 하며 숟가락을 사용하는 방법을 익힐 수 있고, 다양한 맛 표현을 통해 먹는 것에 흥미를 가질 수 있습니다.\n놀이 방법\n1. 거울 앞에 아기와 함께 앉습니다.\n2. 숟가락을 아기가 잡을 수 있도록 도와준 뒤 엄마도 함께 숟가락을 잡습니다.\n3. 거울을 보며 \"냠냠\" 하고 숟가락을 입에 가까이 가져갑니다.\n4. 아기가 거울 속 엄마의 모습을 따라 할 수 있도록 도와줍니다.\n5. 입을 크게 벌리 숟가락을 입에 넣고 먹는 흉내를 내며 놀이합니다. ', '이유식 숟가락, 거울, 그릇', '0세', now(), now(), FALSE, 1, 0);
INSERT INTO PLAY_INFO (PLAY_INFO_ID, PLAY_INFO_TITLE, PLAY_INFO_TEXT, PLAY_INFO_TOOLS, PLAY_INFO_RECOMMEND_AGE, CREATED_AT, UPDATED_AT, DELETED, AGE_TAG_ID, USERS_ID)
VALUES ('2', '미로 안의 엄마를 찾아요', '베개로 미로를 만들어주세요. 베개 길을 따라 엉금 엉금 기어가는 과정이 대근육 발달을 도와주고, 아빠와 함께 베개 미로를 통과하며 친밀감과 애착감을 형성할 수 있습니다. \n놀이 방법\n1. 베개로 미로를 만들어주세요. \n2. 원형 안에 엄마가 들어가서 앉습니다.\n3. 아빠와 아기는 원형의 베개를 따라 기어갑니다. 엄마는 아기가 기는 행동을 응원해주세요. \n4. 베개 미로를 따라 기어가다 입구를 만나면 엄마가 아기를 안아주며 맞이합니다. \n', '베개, 방석 등 넘어가기 조금 어려운 장애물, 미로를 만들 수 있는 준비물을 활용해 주세요', '0세', now(), now(), FALSE, 1, 0);
INSERT INTO PLAY_INFO (PLAY_INFO_ID, PLAY_INFO_TITLE, PLAY_INFO_TEXT, PLAY_INFO_TOOLS, PLAY_INFO_RECOMMEND_AGE, CREATED_AT, UPDATED_AT, DELETED, AGE_TAG_ID, USERS_ID)
VALUES ('3', '포스트잇을 떼어요', '가구에 포스트잇을 붙여주세요. 알록달록한 색이 아기의 시각을 자극하고 포스트잇을 떼기 위한 과정을 통해 눈과 손의 협응력과 대근육 발달을 도와줍니다. \n놀이 방법\n1. 포스트잇을 아기가 손을 뻗으면 닿을 수 있는 정도의 높이에 다양하게 붙입니다. \n2. 엄마가 포스트잇을 떼는 모습을 보여줍니다.\n3. 아기가 포스트잇을 떼기 위해 움직이는 모습을 격려해줍니다.\n4. 포스트잇을 떼어냈을 때 아기의 행동을 칭찬해줍니다.  \n', '다양한 색과 크기의 포스트잇', '0세', now(), now(), FALSE, 1, 0);
INSERT INTO PLAY_INFO (PLAY_INFO_ID, PLAY_INFO_TITLE, PLAY_INFO_TEXT, PLAY_INFO_TOOLS, PLAY_INFO_RECOMMEND_AGE, CREATED_AT, UPDATED_AT, DELETED, AGE_TAG_ID, USERS_ID)
VALUES ('4', '셀로판지를 구겨요', '셀로판지를 쥐고 구기는 놀이는 아기의 시각, 청각, 촉각 등 감각의 다양한 자극을 주고 눈과 손의 협응력과 소근육 발달을 증진시켜줍니다.  \n놀이 방법\n1. 아기에게 셀로판지를 보여주며 흥미를 유발합니다.  \n2. 셀로판지를 쥐여주고 자유롭게 구기거나 잡아당기게 격려합니다. \n3. 눈앞에 셀로판지를 대주어 시야의 색이 변하는 것을 경험하게 해줍니다. \n4. 구겨진 셀로판지를 동그랗게 뭉쳐 꽉 쥐거나 던져보게 합니다.  \n\n주의 사항\n1. 놀이 재료를 입에 넣지 않도록 주의해 주세요.\n2. 이 시기 아기들은 입으로 탐색하는 ‘구강기’에 해당하며, 작은 물체를 반복적으로 집으며 소근육 발달이 이루어지는 시기입니다. \n3. 놀이 시간 동안 부모님과 아기가 함께 해주시면 좋습니다.\n', '셀로판지', '0세', now(), now(), FALSE, 1, 0);
INSERT INTO PLAY_INFO (PLAY_INFO_ID, PLAY_INFO_TITLE, PLAY_INFO_TEXT, PLAY_INFO_TOOLS, PLAY_INFO_RECOMMEND_AGE, CREATED_AT, UPDATED_AT, DELETED, AGE_TAG_ID, USERS_ID)
VALUES ('5', '에어캡 벽을 두드려요', '에어 캡을 벽에 붙여 주세요. 아기가 벽에 있는 에어 캡을 두드리기 위해 일어서서 놀이하는 동안 다리의 근력을 기를 수 있고, 손의 힘으로 에어 캡을 터뜨리며 소근육 발달을 증진시켜 줍니다.  \n\n놀이 방법\n1. 에어 캡을 아기 눈높이 위치의 벽에 붙여 줍니다.   \n2. 엄마가 벽을 두드리며 아기의 관심을 유도합니다. \n3. 아기가 에어 캡을 두드리는 모습과 에어 캡의 소리를 언어로 표현해 줍니다.  \n', '에어 캡', '0세', now(), now(), FALSE, 1, 0);
INSERT INTO PLAY_INFO (PLAY_INFO_ID, PLAY_INFO_TITLE, PLAY_INFO_TEXT, PLAY_INFO_TOOLS, PLAY_INFO_RECOMMEND_AGE, CREATED_AT, UPDATED_AT, DELETED, AGE_TAG_ID, USERS_ID)
VALUES ('6', '거울 보며 냠냠', '거울 보며 아기와 함께 숟가락 놀이를 해보세요. 숟가락 사용이 익숙하지 않은 아기가 엄마의 표정과 행동에 호기심을 가지고 따라 하며 숟가락을 사용하는 방법을 익힐 수 있고, 다양한 맛 표현을 통해 먹는 것에 흥미를 가질 수 있습니다.\n놀이 방법\n1. 거울 앞에 아기와 함께 앉습니다.\n2. 숟가락을 아기가 잡을 수 있도록 도와준 뒤 엄마도 함께 숟가락을 잡습니다.\n3. 거울을 보며 \"냠냠\" 하고 숟가락을 입에 가까이 가져갑니다.\n4. 아기가 거울 속 엄마의 모습을 따라 할 수 있도록 도와줍니다.\n5. 입을 크게 벌리 숟가락을 입에 넣고 먹는 흉내를 내며 놀이합니다.', '이유식 숟가락, 거울, 그릇', '5세', now(), now(), FALSE, 2, 0);
INSERT INTO PLAY_INFO (PLAY_INFO_ID, PLAY_INFO_TITLE, PLAY_INFO_TEXT, PLAY_INFO_TOOLS, PLAY_INFO_RECOMMEND_AGE, CREATED_AT, UPDATED_AT, DELETED, AGE_TAG_ID, USERS_ID)
VALUES ('7', '미로 안의 엄마를 찾아요', '베개로 미로를 만들어주세요. 베개 길을 따라 엉금 엉금 기어가는 과정이 대근육 발달을 도와주고, 아빠와 함께 베개 미로를 통과하며 친밀감과 애착감을 형성할 수 있습니다. \n놀이 방법\n1. 베개로 미로를 만들어주세요. \n2. 원형 안에 엄마가 들어가서 앉습니다.\n3. 아빠와 아기는 원형의 베개를 따라 기어갑니다. 엄마는 아기가 기는 행동을 응원해주세요. \n4. 베개 미로를 따라 기어가다 입구를 만나면 엄마가 아기를 안아주며 맞이합니다. \n', '베개, 방석 등 넘어가기 조금 어려운 장애물, 미로를 만들 수 있는 준비물을 활용해 주세요', '3세', now(), now(), FALSE, 2, 0);
INSERT INTO PLAY_INFO (PLAY_INFO_ID, PLAY_INFO_TITLE, PLAY_INFO_TEXT, PLAY_INFO_TOOLS, PLAY_INFO_RECOMMEND_AGE, CREATED_AT, UPDATED_AT, DELETED, AGE_TAG_ID, USERS_ID)
VALUES ('8', '포스트잇을 떼어요', '가구에 포스트잇을 붙여주세요. 알록달록한 색이 아기의 시각을 자극하고 포스트잇을 떼기 위한 과정을 통해 눈과 손의 협응력과 대근육 발달을 도와줍니다. \n\n놀이 방법\n1. 포스트잇을 아기가 손을 뻗으면 닿을 수 있는 정도의 높이에 다양하게 붙입니다. \n2. 엄마가 포스트잇을 떼는 모습을 보여줍니다.\n3. 아기가 포스트잇을 떼기 위해 움직이는 모습을 격려해줍니다.\n4. 포스트잇을 떼어냈을 때 아기의 행동을 칭찬해줍니다.  \n', '다양한 색과 크기의 포스트잇', '3세', now(), now(), FALSE, 2, 0);
INSERT INTO PLAY_INFO (PLAY_INFO_ID, PLAY_INFO_TITLE, PLAY_INFO_TEXT, PLAY_INFO_TOOLS, PLAY_INFO_RECOMMEND_AGE, CREATED_AT, UPDATED_AT, DELETED, AGE_TAG_ID, USERS_ID)
VALUES ('9', '셀로판지를 구겨요', '셀로판지를 쥐고 구기는 놀이는 아기의 시각, 청각, 촉각 등 감각의 다양한 자극을 주고 눈과 손의 협응력과 소근육 발달을 증진시켜줍니다.  \n\n놀이 방법\n1. 아기에게 셀로판지를 보여주며 흥미를 유발합니다.  \n2. 셀로판지를 쥐여주고 자유롭게 구기거나 잡아당기게 격려합니다. \n3. 눈앞에 셀로판지를 대주어 시야의 색이 변하는 것을 경험하게 해줍니다. \n4. 구겨진 셀로판지를 동그랗게 뭉쳐 꽉 쥐거나 던져보게 합니다.  \n\n주의 사항\n1. 놀이 재료를 입에 넣지 않도록 주의해 주세요.\n2. 이 시기 아기들은 입으로 탐색하는 ‘구강기’에 해당하며, 작은 물체를 반복적으로 집으며 소근육 발달이 이루어지는 시기입니다. \n3. 놀이 시간 동안 부모님과 아기가 함께 해주시면 좋습니다.\n', '셀로판지', '4세', now(), now(), FALSE, 2, 0);
INSERT INTO PLAY_INFO (PLAY_INFO_ID, PLAY_INFO_TITLE, PLAY_INFO_TEXT, PLAY_INFO_TOOLS, PLAY_INFO_RECOMMEND_AGE, CREATED_AT, UPDATED_AT, DELETED, AGE_TAG_ID, USERS_ID)
VALUES ('10', '에어캡 벽을 두드려요', '에어 캡을 벽에 붙여 주세요. 아기가 벽에 있는 에어 캡을 두드리기 위해 일어서서 놀이하는 동안 다리의 근력을 기를 수 있고, 손의 힘으로 에어 캡을 터뜨리며 소근육 발달을 증진시켜 줍니다.  \n\n놀이 방법\n1. 에어 캡을 아기 눈높이 위치의 벽에 붙여 줍니다.   \n2. 엄마가 벽을 두드리며 아기의 관심을 유도합니다. \n3. 아기가 에어 캡을 두드리는 모습과 에어 캡의 소리를 언어로 표현해 줍니다.  \n', '에어 캡', '7세', now(), now(), FALSE, 3, 0);
INSERT INTO PLAY_INFO (PLAY_INFO_ID, PLAY_INFO_TITLE, PLAY_INFO_TEXT, PLAY_INFO_TOOLS, PLAY_INFO_RECOMMEND_AGE, CREATED_AT, UPDATED_AT, DELETED, AGE_TAG_ID, USERS_ID)
VALUES ('11', '미로 안의 엄마를 찾아요', '베개로 미로를 만들어주세요. 베개 길을 따라 엉금 엉금 기어가는 과정이 대근육 발달을 도와주고, 아빠와 함께 베개 미로를 통과하며 친밀감과 애착감을 형성할 수 있습니다. \n놀이 방법\n1. 베개로 미로를 만들어주세요. \n2. 원형 안에 엄마가 들어가서 앉습니다.\n3. 아빠와 아기는 원형의 베개를 따라 기어갑니다. 엄마는 아기가 기는 행동을 응원해주세요. \n4. 베개 미로를 따라 기어가다 입구를 만나면 엄마가 아기를 안아주며 맞이합니다. \n', '베개, 방석 등 넘어가기 조금 어려운 장애물, 미로를 만들 수 있는 준비물을 활용해 주세요', '6세', now(), now(), FALSE, 3, 0);
INSERT INTO PLAY_INFO (PLAY_INFO_ID, PLAY_INFO_TITLE, PLAY_INFO_TEXT, PLAY_INFO_TOOLS, PLAY_INFO_RECOMMEND_AGE, CREATED_AT, UPDATED_AT, DELETED, AGE_TAG_ID, USERS_ID)
VALUES ('12', '포스트잇을 떼어요', '가구에 포스트잇을 붙여주세요. 알록달록한 색이 아기의 시각을 자극하고 포스트잇을 떼기 위한 과정을 통해 눈과 손의 협응력과 대근육 발달을 도와줍니다. \n\n놀이 방법\n1. 포스트잇을 아기가 손을 뻗으면 닿을 수 있는 정도의 높이에 다양하게 붙입니다. \n2. 엄마가 포스트잇을 떼는 모습을 보여줍니다.\n3. 아기가 포스트잇을 떼기 위해 움직이는 모습을 격려해줍니다.\n4. 포스트잇을 떼어냈을 때 아기의 행동을 칭찬해줍니다.  \n', '다양한 색과 크기의 포스트잇', '6세', now(), now(), FALSE, 3, 0);
INSERT INTO PLAY_INFO (PLAY_INFO_ID, PLAY_INFO_TITLE, PLAY_INFO_TEXT, PLAY_INFO_TOOLS, PLAY_INFO_RECOMMEND_AGE, CREATED_AT, UPDATED_AT, DELETED, AGE_TAG_ID, USERS_ID)
VALUES ('13', '셀로판지를 구겨요', '셀로판지를 쥐고 구기는 놀이는 아기의 시각, 청각, 촉각 등 감각의 다양한 자극을 주고 눈과 손의 협응력과 소근육 발달을 증진시켜줍니다.  \n\n놀이 방법\n1. 아기에게 셀로판지를 보여주며 흥미를 유발합니다.  \n2. 셀로판지를 쥐여주고 자유롭게 구기거나 잡아당기게 격려합니다. \n3. 눈앞에 셀로판지를 대주어 시야의 색이 변하는 것을 경험하게 해줍니다. \n4. 구겨진 셀로판지를 동그랗게 뭉쳐 꽉 쥐거나 던져보게 합니다.  \n\n주의 사항\n1. 놀이 재료를 입에 넣지 않도록 주의해 주세요.\n2. 이 시기 아기들은 입으로 탐색하는 ‘구강기’에 해당하며, 작은 물체를 반복적으로 집으며 소근육 발달이 이루어지는 시기입니다. \n3. 놀이 시간 동안 부모님과 아기가 함께 해주시면 좋습니다.\n', '셀로판지', '7세', now(), now(), FALSE, 3, 0);
INSERT INTO PLAY_INFO (PLAY_INFO_ID, PLAY_INFO_TITLE, PLAY_INFO_TEXT, PLAY_INFO_TOOLS, PLAY_INFO_RECOMMEND_AGE, CREATED_AT, UPDATED_AT, DELETED, AGE_TAG_ID, USERS_ID)
VALUES ('14', '에어캡 벽을 두드려요', '에어 캡을 벽에 붙여 주세요. 아기가 벽에 있는 에어 캡을 두드리기 위해 일어서서 놀이하는 동안 다리의 근력을 기를 수 있고, 손의 힘으로 에어 캡을 터뜨리며 소근육 발달을 증진시켜 줍니다.  \n\n놀이 방법\n1. 에어 캡을 아기 눈높이 위치의 벽에 붙여 줍니다.   \n2. 엄마가 벽을 두드리며 아기의 관심을 유도합니다. \n3. 아기가 에어 캡을 두드리는 모습과 에어 캡의 소리를 언어로 표현해 줍니다.  \n', '에어 캡', '6세', now(), now(), FALSE, 3, 0);


INSERT INTO PLAY_INFO_DOMAIN (PLAY_INFO_ID, DEV_DOMAIN_ID) VALUES (1, 1);
INSERT INTO PLAY_INFO_DOMAIN (PLAY_INFO_ID, DEV_DOMAIN_ID) VALUES (1, 2);
INSERT INTO PLAY_INFO_DOMAIN (PLAY_INFO_ID, DEV_DOMAIN_ID) VALUES (2, 3);
INSERT INTO PLAY_INFO_DOMAIN (PLAY_INFO_ID, DEV_DOMAIN_ID) VALUES (2, 4);
INSERT INTO PLAY_INFO_DOMAIN (PLAY_INFO_ID, DEV_DOMAIN_ID) VALUES (3, 3);
INSERT INTO PLAY_INFO_DOMAIN (PLAY_INFO_ID, DEV_DOMAIN_ID) VALUES (4, 3);
INSERT INTO PLAY_INFO_DOMAIN (PLAY_INFO_ID, DEV_DOMAIN_ID) VALUES (5, 2);
INSERT INTO PLAY_INFO_DOMAIN (PLAY_INFO_ID, DEV_DOMAIN_ID) VALUES (6, 1);
INSERT INTO PLAY_INFO_DOMAIN (PLAY_INFO_ID, DEV_DOMAIN_ID) VALUES (6, 2);
INSERT INTO PLAY_INFO_DOMAIN (PLAY_INFO_ID, DEV_DOMAIN_ID) VALUES (7, 3);
INSERT INTO PLAY_INFO_DOMAIN (PLAY_INFO_ID, DEV_DOMAIN_ID) VALUES (7, 4);
INSERT INTO PLAY_INFO_DOMAIN (PLAY_INFO_ID, DEV_DOMAIN_ID) VALUES (8, 3);
INSERT INTO PLAY_INFO_DOMAIN (PLAY_INFO_ID, DEV_DOMAIN_ID) VALUES (9, 3);
INSERT INTO PLAY_INFO_DOMAIN (PLAY_INFO_ID, DEV_DOMAIN_ID) VALUES (10, 2);
INSERT INTO PLAY_INFO_DOMAIN (PLAY_INFO_ID, DEV_DOMAIN_ID) VALUES (11, 3);
INSERT INTO PLAY_INFO_DOMAIN (PLAY_INFO_ID, DEV_DOMAIN_ID) VALUES (11, 4);
INSERT INTO PLAY_INFO_DOMAIN (PLAY_INFO_ID, DEV_DOMAIN_ID) VALUES (12, 3);
INSERT INTO PLAY_INFO_DOMAIN (PLAY_INFO_ID, DEV_DOMAIN_ID) VALUES (13, 3);
INSERT INTO PLAY_INFO_DOMAIN (PLAY_INFO_ID, DEV_DOMAIN_ID) VALUES (14, 2);


INSERT INTO KIDS_POLICY (KIDS_POLICY_ID , KIDS_POLICY_TITLE , KIDS_POLICY_TEXT, KIDS_POLICY_TARGET, KIDS_POLICY_PROCESS, KIDS_POLICY_URL, KIDS_POLICY_TYPE, CREATED_AT, UPDATED_AT, DELETED, USERS_ID) VALUES (1, '서울형 아이 돌봄비 지원', '영아를 키우는 가정에서 조부모(4촌 이내 친인척 포함)가 영아를 돌보는 경우 또는 서울시에서 지정한 민간기관의 아이돌봄서비스를 이용 시 돌봄 비용을 지원(택1)\n① 조부모(4촌이내 친인척 포함) 아이돌봄비(친인척형)\n② 민간 서비스 이용권(민간형) 지원\n\n지원조건\n영아1명 월 40시간 이상 친인척 돌봄 수행 또는 민간서비스 이용시(영아2명 월 60시간, 영아3명 월 80시간)\n\n지원 범위\n가정당 영아 3명까지, 영아 1명당 최대 13개월(연령 초과 전까지)\n\n지원금액\n영아1명 월 30만원 또는 30만원 상당 서울시 지정 민간 아이돌봄 서비스 이용권(영아2명 월 45만원, 영아3명 월 60만원)', '서울 거주 만24~36개월 이하 영아가 있는 기준 중위소득 150% 이하 양육공백이 발생한 가정', '온라인 신청(몽땅정보만능키)', 'https://umppa.seoul.go.kr/hmpg/reca/care/sesu/bzin/bzmgPageDetail.do?biz_mng_no=59F45FE9BC024848AD07143C962E6869', 'CHILDCARE_SUPPORT',  now(), now(), FALSE, 0);
INSERT INTO KIDS_POLICY (KIDS_POLICY_ID , KIDS_POLICY_TITLE , KIDS_POLICY_TEXT, KIDS_POLICY_TARGET, KIDS_POLICY_PROCESS, KIDS_POLICY_URL, KIDS_POLICY_TYPE, CREATED_AT, UPDATED_AT, DELETED, USERS_ID) VALUES (2, '영아 전담 아이돌봄서비스', '출산휴가, 육아휴직 후 복귀하는 맞벌이 가정을 지원하고자 영아 돌봄 교육을 이수한 전담 돌보미가 영아 이유식 먹이기, 젖병 소독 등 영아 특화 돌봄서비스 제공 ', '양육공백 가정의 만 36개월 이하 아동', '아이돌봄서비스 (https://www.idolbom.go.kr/)에서 신청가능하며 이용가정의 상황에 맞춰 서비스제공기관(자치구 가족센터 등)에서 전담 돌보미를 연계 ', 'https://umppa.seoul.go.kr/hmpg/reca/care/tyse/dech/bzmgPageDetail.do?biz_mng_no=9E79D9C6FC76487BA06F0166D979C1EF', 'SERVICES_SUPPORT',  now(), now(), FALSE, 0);
INSERT INTO KIDS_POLICY (KIDS_POLICY_ID , KIDS_POLICY_TITLE , KIDS_POLICY_TEXT, KIDS_POLICY_TARGET, KIDS_POLICY_PROCESS, KIDS_POLICY_URL, KIDS_POLICY_TYPE, CREATED_AT, UPDATED_AT, DELETED, USERS_ID) VALUES (3, '병원동행 아이돌봄서비스', '부모의 맞벌이 등으로 아픈 자녀의 병원 동행을 할 수 없는 경우 아이돌보미가 병원 동행 및 가정 내 돌봄 서비스 제공', '비전염성 질병 감염, 예방접종, 정기검진 등으로 병원 내원이 필요한 양육공백 가정의 만 12세 이하 아동 ', '아이돌봄서비스 (https://www.idolbom.go.kr/)에서 신청가능하며 이용가정의 상황에 맞춰 서비스제공기관(자치구 가족센터 등)에서 전담 돌보미를 연계 ', 'https://umppa.seoul.go.kr/hmpg/reca/care/tyse/dese/bzmgPageDetail.do?biz_mng_no=845065DC1CD24F62AF1B642E08CCAF87', 'SERVICES_SUPPORT',  now(), now(), FALSE, 0);
INSERT INTO KIDS_POLICY (KIDS_POLICY_ID , KIDS_POLICY_TITLE , KIDS_POLICY_TEXT, KIDS_POLICY_TARGET, KIDS_POLICY_PROCESS, KIDS_POLICY_URL, KIDS_POLICY_TYPE, CREATED_AT, UPDATED_AT, DELETED, USERS_ID) VALUES (4, '등하원 전담 아이돌봄서비스', '등원 사전준비, 준비물 챙기기, 등하원 동행, 하원 후 양육자 귀가 전까지 놀이활동 등 돌봄 서비스 제공 ', '어린이집, 유치원, 학교, 학원 등하원 필요한 양육공백 가정의 만 12세 이하 아동 ', '아이돌봄서비스 (https://www.idolbom.go.kr/)에서 신청가능하며 이용가정의 상황에 맞춰 서비스제공기관(자치구 가족센터 등)에서 전담 돌보미를 연계 ', 'https://umppa.seoul.go.kr/hmpg/reca/care/tyse/desc/bzmgPageDetail.do?biz_mng_no=065A6647F3584756A84FEC50EC43F413', 'SERVICES_SUPPORT',  now(), now(), FALSE, 0);
INSERT INTO KIDS_POLICY (KIDS_POLICY_ID , KIDS_POLICY_TITLE , KIDS_POLICY_TEXT, KIDS_POLICY_TARGET, KIDS_POLICY_PROCESS, KIDS_POLICY_URL, KIDS_POLICY_TYPE, CREATED_AT, UPDATED_AT, DELETED, USERS_ID) VALUES (5, '둘째 출산시 첫째아이 돌봄지원', '둘째 자녀 이상 출산으로 기존 자녀 돌봄에 공백이 발생한 가정에서 아이돌봄서비스 이용시 본인부담금의 90~100% 환급 \n\n지원조건\n출산 후 90일 범위내 ※ 예산소진시 종료\n\n지원금액\n1가구 당 100만원 범위 내 지원', '둘째 이상 출산으로 12세 이하 기존 자녀 돌봄에 공백이 발생한 가정 중 아이돌봄서비스 이용자(’24.1.1. 이후 출산가정)\n※ 서울시 거주 가정(주민등록상)으로 부모(둘 중 1명 이상)와 아동 함께 거주', 'ㅇ 신청방법 : 서비스제공기관(가족센터 등) 이메일 신청접수 ※ 현장 신청접수 가능', 'https://umppa.seoul.go.kr/hmpg/reca/care/bich/bzmgPageDetail.do?biz_mng_no=062A1CE5D5848B7EE063A602216299A4', 'CHILDCARE_SUPPORT',  now(), now(), FALSE, 0);
INSERT INTO KIDS_POLICY (KIDS_POLICY_ID , KIDS_POLICY_TITLE , KIDS_POLICY_TEXT, KIDS_POLICY_TARGET, KIDS_POLICY_PROCESS, KIDS_POLICY_URL, KIDS_POLICY_TYPE, CREATED_AT, UPDATED_AT, DELETED, USERS_ID) VALUES (6, '시간제 아이돌봄 서비스', '양육공백 가정에 아이돌보미가 찾아가 놀이활동, 준비된 식사 및 간식, 보육시설(초등학교) 등·하원(교) 동행 등 돌봄 서비스 제공 ', '12세 이하 아동', '정부지원 신청(복지로 홈페이지, 동주민센터) ', 'https://umppa.seoul.go.kr/hmpg/reca/care/gosu/pati/bzmgPageDetail.do?biz_mng_no=BC68BBB6C10A4556B10DD83259678E3A', 'SERVICES_SUPPORT',  now(), now(), FALSE, 0);
INSERT INTO KIDS_POLICY (KIDS_POLICY_ID , KIDS_POLICY_TITLE , KIDS_POLICY_TEXT, KIDS_POLICY_TARGET, KIDS_POLICY_PROCESS, KIDS_POLICY_URL, KIDS_POLICY_TYPE, CREATED_AT, UPDATED_AT, DELETED, USERS_ID) VALUES (7, '서울형모아어린이집', '공동 프로그램 운영 및 입소조정 등', '6개월~7세 이하 취학 전 영유아 ', '어린이집 입소 신청 및 등록\n어린이집 간 운영협의회 통해 계획 수립 및 시행', 'https://umppa.seoul.go.kr/hmpg/reca/expa/exse/sehy/bzmgPageDetail.do?biz_mng_no=8FA632D6ED55411A89A2288BC05066ED', 'SERVICES_SUPPORT',  now(), now(), FALSE, 0);
INSERT INTO KIDS_POLICY (KIDS_POLICY_ID , KIDS_POLICY_TITLE , KIDS_POLICY_TEXT, KIDS_POLICY_TARGET, KIDS_POLICY_PROCESS, KIDS_POLICY_URL, KIDS_POLICY_TYPE, CREATED_AT, UPDATED_AT, DELETED, USERS_ID) VALUES (8, '365일 열린어린이집', '긴급 보육 필요시 심야, 휴일에도(24시간) 보육서비스 제공 ', '서울시 거주 6개월이상 7세 이하 미취학 아동 ', '이용1일전까지 서울시보육포털서비스에서 신청 또는 해당어린이집 전화접수 ', 'https://umppa.seoul.go.kr/hmpg/reca/care/emch/opda/bzmgPageDetail.do?biz_mng_no=35AE511547C5401A8E9E8398FFC2831F', 'SERVICES_SUPPORT',  now(), now(), FALSE, 0);
INSERT INTO KIDS_POLICY (KIDS_POLICY_ID , KIDS_POLICY_TITLE , KIDS_POLICY_TEXT, KIDS_POLICY_TARGET, KIDS_POLICY_PROCESS, KIDS_POLICY_URL, KIDS_POLICY_TYPE, CREATED_AT, UPDATED_AT, DELETED, USERS_ID) VALUES (9, '거점형 야간보육', '야간연장보육 필요한 타원아동에 대한 보육서비스 제공 ', '가정양육아동을 포함한 모든 영유아 ', '이용당일 오후1시까지 서울시보육포털서비스에서 신청 ', 'https://umppa.seoul.go.kr/hmpg/reca/care/emch/bani/bzmgPageDetail.do?biz_mng_no=D7B026D03B2B4959A8343BE6440DB47A', 'SERVICES_SUPPORT',  now(), now(), FALSE, 0);
INSERT INTO KIDS_POLICY (KIDS_POLICY_ID , KIDS_POLICY_TITLE , KIDS_POLICY_TEXT, KIDS_POLICY_TARGET, KIDS_POLICY_PROCESS, KIDS_POLICY_URL, KIDS_POLICY_TYPE, CREATED_AT, UPDATED_AT, DELETED, USERS_ID) VALUES (10, '시간제 보육(정부형)', '만6개월~36개월 부모급여 또는 양육수당 수급 아동대상 시간제보육 지원 ', '6개월~36개월 미만 아동 ', '시간제 보육 아동으로 임신육아종합포털 아이사랑(보건복지부) www.childcare.go.kr 사전등록 후 사전예약 또는 당일 신청 ', 'https://umppa.seoul.go.kr/hmpg/reca/care/emch/pati/bzmgPageDetail.do?biz_mng_no=DE95E2628BFD494DB9CADC59060CCDA9', 'SERVICES_SUPPORT',  now(), now(), FALSE, 0);
INSERT INTO KIDS_POLICY (KIDS_POLICY_ID , KIDS_POLICY_TITLE , KIDS_POLICY_TEXT, KIDS_POLICY_TARGET, KIDS_POLICY_PROCESS, KIDS_POLICY_URL, KIDS_POLICY_TYPE, CREATED_AT, UPDATED_AT, DELETED, USERS_ID) VALUES (11, '서울형 시간제 전문 어린이집', '가정양육 또는 타 기관 이용 보호자 등 누구나 필요시 시간 단위로 이용할 수 있는 보육서비스 ', '6개월~7세 이하 취학 전 영유아 ', '서울시 보육포털서비스에서 온라인 신청 ', 'https://umppa.seoul.go.kr/hmpg/reca/care/emch/ptdc/bzmgPageDetail.do?biz_mng_no=1ABC9AAF2F5120B9E063A60221625EA6', 'SERVICES_SUPPORT',  now(), now(), FALSE, 0);
INSERT INTO KIDS_POLICY (KIDS_POLICY_ID , KIDS_POLICY_TITLE , KIDS_POLICY_TEXT, KIDS_POLICY_TARGET, KIDS_POLICY_PROCESS, KIDS_POLICY_URL, KIDS_POLICY_TYPE, CREATED_AT, UPDATED_AT, DELETED, USERS_ID) VALUES (12, '휴일보육', '일요일 공휴일에 보육서비스 제공 ', '어린이집을 이용중인 영유아 ', '해당어린이집 전화접수 ', 'https://umppa.seoul.go.kr/hmpg/reca/care/emch/hoch/bzmgPageDetail.do?biz_mng_no=3D4229AA9D7D438998AEB3F02DD5FCB5', 'SERVICES_SUPPORT',  now(), now(), FALSE, 0);
INSERT INTO KIDS_POLICY (KIDS_POLICY_ID , KIDS_POLICY_TITLE , KIDS_POLICY_TEXT, KIDS_POLICY_TARGET, KIDS_POLICY_PROCESS, KIDS_POLICY_URL, KIDS_POLICY_TYPE, CREATED_AT, UPDATED_AT, DELETED, USERS_ID) VALUES (13, '주말 어린이집', '토요일 일요일에 보육서비스 제공 ', '서울시 거주 6개월이상 7세 이하 미취학 아동 ', '이용1일전까지 서울시보육포털서비스에서 신청 또는 해당어린이집 전화접수', 'https://umppa.seoul.go.kr/hmpg/reca/care/emch/weda/bzmgPageDetail.do?biz_mng_no=AF079B912EC94184AC3F0245F2F54B50', 'SERVICES_SUPPORT',  now(), now(), FALSE, 0);
INSERT INTO KIDS_POLICY (KIDS_POLICY_ID , KIDS_POLICY_TITLE , KIDS_POLICY_TEXT, KIDS_POLICY_TARGET, KIDS_POLICY_PROCESS, KIDS_POLICY_URL, KIDS_POLICY_TYPE, CREATED_AT, UPDATED_AT, DELETED, USERS_ID) VALUES (14, '서울형 0세 전담반 어린이집', '12개월 미만의 영아 보육에 적합한 ''0세 전담반'' 어린이집 100개반 선정 운영', '생후 12개월 미만 어린이집 보육아동', '어린이집 입소 신청 및 등록', 'https://umppa.seoul.go.kr/hmpg/reca/care/seda/bzmgPageDetail.do?biz_mng_no=8D341B53B87F4A5B922E375E45340D4C', 'SERVICES_SUPPORT',  now(), now(), FALSE, 0);
INSERT INTO KIDS_POLICY (KIDS_POLICY_ID , KIDS_POLICY_TITLE , KIDS_POLICY_TEXT, KIDS_POLICY_TARGET, KIDS_POLICY_PROCESS, KIDS_POLICY_URL, KIDS_POLICY_TYPE, CREATED_AT, UPDATED_AT, DELETED, USERS_ID) VALUES (15, '국공립어린이집', '국공립어린이집 확충과 품질개선 통해 공보육 인프라 강화', '6세 미만의 취학 전 아동\n* 필요한 경우 만 12세까지 보육 가능(영유아보육법 제 27조)', '어린이집 입소 신청 및 등록', 'https://umppa.seoul.go.kr/hmpg/reca/care/mkcc/bzmgPageDetail.do?biz_mng_no=1A9A7AE43415399CE063A6022162B1C2', 'SERVICES_SUPPORT',  now(), now(), FALSE, 0);
INSERT INTO KIDS_POLICY (KIDS_POLICY_ID , KIDS_POLICY_TITLE , KIDS_POLICY_TEXT, KIDS_POLICY_TARGET, KIDS_POLICY_PROCESS, KIDS_POLICY_URL, KIDS_POLICY_TYPE, CREATED_AT, UPDATED_AT, DELETED, USERS_ID) VALUES (16, '서울형어린이집', '공인평가를 통하여 우수한 민간 어린이집을 선정하고 인건비 및 운영비를 지원함으로써 향상된 보육서비스를 안정적으로 제공', '6개월~7세 이하 취학 전 영유아 ', '어린이집 입소 신청 및 등록\n보육포털서비스 사이트를 통해 신청 후 서비스 이용', 'https://umppa.seoul.go.kr/hmpg/reca/expa/exhi/seda/bzmgPageDetail.do?biz_mng_no=94AFA07B693E41638A92F632916A995B', 'SERVICES_SUPPORT',  now(), now(), FALSE, 0);
INSERT INTO KIDS_POLICY (KIDS_POLICY_ID , KIDS_POLICY_TITLE , KIDS_POLICY_TEXT, KIDS_POLICY_TARGET, KIDS_POLICY_PROCESS, KIDS_POLICY_URL, KIDS_POLICY_TYPE, CREATED_AT, UPDATED_AT, DELETED, USERS_ID) VALUES (17, '공동육아방', '부모 참여형 다양한 놀이 프로그램 운영, 육아정보 제공 및 상담 제공', '6세이하 영유아 및 보호자', '인터넷 및 전화예약 후 시설이용\n(자치구 육아종합지원센터)', 'https://umppa.seoul.go.kr/hmpg/reca/expa/exhi/shch/bzmgPageDetail.do?biz_mng_no=51BC5D78159044CC804B9EC42CB72A8E', 'SERVICES_SUPPORT',  now(), now(), FALSE, 0);
INSERT INTO KIDS_POLICY (KIDS_POLICY_ID , KIDS_POLICY_TITLE , KIDS_POLICY_TEXT, KIDS_POLICY_TARGET, KIDS_POLICY_PROCESS, KIDS_POLICY_URL, KIDS_POLICY_TYPE, CREATED_AT, UPDATED_AT, DELETED, USERS_ID) VALUES (18, '공동육아나눔터', '부모 참여형 다양한 놀이 프로그램 운영, 도서 및 교구 지원, 가족품앗이 활동 지원 등', '12세 미만의 자녀 및 보호자', '전화예약 후 시설 이용\n(자치구 가족센터)', 'https://umppa.seoul.go.kr/hmpg/reca/expa/exhi/joch/bzmgPageDetail.do?biz_mng_no=2A86C76245A940E187DA9A40EE4807F1', 'SERVICES_SUPPORT',  now(), now(), FALSE, 0);
INSERT INTO KIDS_POLICY (KIDS_POLICY_ID , KIDS_POLICY_TITLE , KIDS_POLICY_TEXT, KIDS_POLICY_TARGET, KIDS_POLICY_PROCESS, KIDS_POLICY_URL, KIDS_POLICY_TYPE, CREATED_AT, UPDATED_AT, DELETED, USERS_ID) VALUES (19, '서울형 아침돌봄 키움센터', '아침 7~9시 등교 준비 및 등교 동행', '돌봄이 필요한 6~12세(초등학생)', '각 센터 전화 신청 접수\n- 성동4호점 : 02-2297-9736\n- 서대문4호점 : 02-379-0709\n- 마포9호점 : 02-322-2311\n- 은평8호점 : 02-6953-2148\n- 중랑1호점 : 02-435-2157\n- 노원12호점 : 02-939-1918\n- 강서7호점 : 02-2699-9713\n- 구로 15호점 : 02-2683-7942\n- 동작3호점 : 02-585-0406\n- 강동6호점 : 02-488-5929', 'https://umppa.seoul.go.kr/hmpg/reca/care/mkcc/bzmgPageDetail.do?biz_mng_no=1A9A7AE43415399CE063A6022162B1C2', 'SERVICES_SUPPORT',  now(), now(), FALSE, 0);
INSERT INTO KIDS_POLICY (KIDS_POLICY_ID , KIDS_POLICY_TITLE , KIDS_POLICY_TEXT, KIDS_POLICY_TARGET, KIDS_POLICY_PROCESS, KIDS_POLICY_URL, KIDS_POLICY_TYPE, CREATED_AT, UPDATED_AT, DELETED, USERS_ID) VALUES (20, '키움센터 긴급 · 일시돌봄', '초등 돌봄서비스 제공', '돌봄이 필요한 6~12세 아동', '보호자가 이용을 희망하는 센터에 전화, 우리동네키움포털 등으로 돌봄서비스 신청 후, 센터 승인 후 이용 가능', 'https://umppa.seoul.go.kr/hmpg/reca/care/stem/kice/bzmgPageDetail.do?biz_mng_no=1B27639C55D64ADE94F6124E0D5EBF52', 'SERVICES_SUPPORT',  now(), now(), FALSE, 0);
INSERT INTO KIDS_POLICY (KIDS_POLICY_ID , KIDS_POLICY_TITLE , KIDS_POLICY_TEXT, KIDS_POLICY_TARGET, KIDS_POLICY_PROCESS, KIDS_POLICY_URL, KIDS_POLICY_TYPE, CREATED_AT, UPDATED_AT, DELETED, USERS_ID) VALUES (21, '지역아동센터 긴급 · 일시돌봄', '아동보호(일상생활, 학습지도, 급식제공), 정서지원, 문화체험활동 등 돌봄 제공', '18세미만 아동(초, 중, 고등학생)', '동주민센터, 해당지역아동센터에 돌봄서비스 신청', 'https://umppa.seoul.go.kr/hmpg/reca/care/stem/loch/bzmgPageDetail.do?biz_mng_no=F60F7FA10C494469B301067083A02A61', 'SERVICES_SUPPORT',  now(), now(), FALSE, 0);
INSERT INTO KIDS_POLICY (KIDS_POLICY_ID , KIDS_POLICY_TITLE , KIDS_POLICY_TEXT, KIDS_POLICY_TARGET, KIDS_POLICY_PROCESS, KIDS_POLICY_URL, KIDS_POLICY_TYPE, CREATED_AT, UPDATED_AT, DELETED, USERS_ID) VALUES (22, '키움센터 아픈아이 일시돌봄 · 병원동행', '거점형 키움센터 내 별도 돌봄공간 설치로 아픈아이에게 편안한 병상돌봄 및 전용차량을 이용한 안전한 병원동행 서비스를 제공', '질병, 예방접종 등으로 병원 내원이 필요한 12세 이하 아동\n① (비정기) 단순 감기, 복통 등 갑자기 아파 등원(교) 및 시설 이용이 곤란할 때\n② (정기) 필수 예방접종, 정기검진을 위해 병원 또는 보건소 내원이 필요할 때\n ※ 39도 이상의 고열, 감염위험이 높은 질병감염 아동은 센터 다른 서비스 이용 아동의 보호를 위하여 지원대상에서 제외', '- 거점형 키움센터 내 병상돌봄 또는 전용차량을 이용한 병원동행\n  (병상돌봄) 센터 방문 → 병상보호 → 보호자인계\n  (병원동행) 만남장소 아동픽업(전용차량) → 병원진료 → (희망시)병상보호 → 귀가 장소로 인계\n- 이용료 : 병상돌봄 2,500원 / 병원동행 무료(병원비 자부담)', 'https://umppa.seoul.go.kr/hmpg/reca/care/kiac/bzmgPageDetail.do?biz_mng_no=062627152E5ECD29E063A602216238F7', 'SERVICES_SUPPORT',  now(), now(), FALSE, 0);
INSERT INTO KIDS_POLICY (KIDS_POLICY_ID , KIDS_POLICY_TITLE , KIDS_POLICY_TEXT, KIDS_POLICY_TARGET, KIDS_POLICY_PROCESS, KIDS_POLICY_URL, KIDS_POLICY_TYPE, CREATED_AT, UPDATED_AT, DELETED, USERS_ID) VALUES (23, '우리동네키움센터', '초등 돌봄서비스 제공', '돌봄이 필요한 6~12세 아동', '보호자가 이용을 희망하는 센터에 전화, 우리동네키움포털 등으로 돌봄서비스 신청 후, 센터 승인 후 이용 가능', 'https://umppa.seoul.go.kr/hmpg/reca/expa/exca/oune/bzmgPageDetail.do?biz_mng_no=29F91C5E36BA4917A8A1F18C357FF8B1', 'SERVICES_SUPPORT',  now(), now(), FALSE, 0);
INSERT INTO KIDS_POLICY (KIDS_POLICY_ID , KIDS_POLICY_TITLE , KIDS_POLICY_TEXT, KIDS_POLICY_TARGET, KIDS_POLICY_PROCESS, KIDS_POLICY_URL, KIDS_POLICY_TYPE, CREATED_AT, UPDATED_AT, DELETED, USERS_ID) VALUES (24, '초등돌봄시설 공공성 강화(지역아동센터)', '돌봄, 교육 및 일부 급 · 간식비 지원', '초등학교 1학년 ~ 6학년', '서울시우리동네키움포털에 온라인 신청', 'https://umppa.seoul.go.kr/hmpg/reca/expa/exca/elca/bzmgPageDetail.do?biz_mng_no=99FDB4D427414EAB8726562C57F2DA1A', 'SERVICES_SUPPORT',  now(), now(), FALSE, 0);
INSERT INTO KIDS_POLICY (KIDS_POLICY_ID , KIDS_POLICY_TITLE , KIDS_POLICY_TEXT, KIDS_POLICY_TARGET, KIDS_POLICY_PROCESS, KIDS_POLICY_URL, KIDS_POLICY_TYPE, CREATED_AT, UPDATED_AT, DELETED, USERS_ID) VALUES (25, '서울아이 발달지원 센터', '발달선별검사를 통한 발달지연 아동 조기발견\n발달검사 후 아동별(정상, 관찰필요 아동, 도움필요 아동) 맞춤형 상담 및 교육, 재평가, 연계치료 등 제공', '18~36개월', '발달검사 예약 : 서울아이발달지원센터 홈페이지(ww.seoul-i.kr) 온라인 신청', 'https://umppa.seoul.go.kr/hmpg/hehe/suhe/sech/bzmgPageDetail.do?biz_mng_no=07515E1194824541A6E372968C7D54EC', 'SERVICES_SUPPORT',  now(), now(), FALSE, 0);
INSERT INTO KIDS_POLICY (KIDS_POLICY_ID , KIDS_POLICY_TITLE , KIDS_POLICY_TEXT, KIDS_POLICY_TARGET, KIDS_POLICY_PROCESS, KIDS_POLICY_URL, KIDS_POLICY_TYPE, CREATED_AT, UPDATED_AT, DELETED, USERS_ID) VALUES (26, '양육코칭센터', '- 떼쓰기부터 또래 관계까지 양육의 어려움을 맞춤으로 도와주는 서비스\n- 셀프점검 코칭, 영상관찰 코칭, 종합코칭 솔루션 제공', '7세 이하 취학 저 아동을 양육하는 서울시민', '양육 코칭 센터 홈페이지에서 이용 가능', 'https://umppa.seoul.go.kr/hmpg/reca/dive/pcct/bzmgPageDetail.do?biz_mng_no=17D779C0C7B93EB8E063A6022162B11E', 'SERVICES_SUPPORT',  now(), now(), FALSE, 0);
INSERT INTO KIDS_POLICY (KIDS_POLICY_ID , KIDS_POLICY_TITLE , KIDS_POLICY_TEXT, KIDS_POLICY_TARGET, KIDS_POLICY_PROCESS, KIDS_POLICY_URL, KIDS_POLICY_TYPE, CREATED_AT, UPDATED_AT, DELETED, USERS_ID) VALUES (27, '어린이집 석식 지원', '주 20시간(일4시간) / 보육도우미 인건비 100% 지원', '석식지원 시범 야간연장보육어린이집 재원 아동', '어린이집 100개소 선정, 지원 중', 'https://umppa.seoul.go.kr/hmpg/hehe/suea/disu/bzmgPageDetail.do?biz_mng_no=1B18897281714337ABBE941A6ADAFFEF', 'SERVICES_SUPPORT',  now(), now(), FALSE, 0);
INSERT INTO KIDS_POLICY (KIDS_POLICY_ID , KIDS_POLICY_TITLE , KIDS_POLICY_TEXT, KIDS_POLICY_TARGET, KIDS_POLICY_PROCESS, KIDS_POLICY_URL, KIDS_POLICY_TYPE, CREATED_AT, UPDATED_AT, DELETED, USERS_ID) VALUES (28, '우리동네키움센터 방학중 중식 무료제공', '센터 이용 아동 대상 방학중 중식 무료제공', '돌봄이 필요한 6~12세 아동', '보호자가 이용을 희망하는 센터에 전화, 우리동네키움포털 등으로 돌봄서비스 신청 후, 센터 승인 후 이용 가능', 'https://umppa.seoul.go.kr/hmpg/hehe/suea/frlu/bzmgPageDetail.do?biz_mng_no=4A331F1977AB4A2E93358652D72F01D3', 'SERVICES_SUPPORT',  now(), now(), FALSE, 0);
INSERT INTO KIDS_POLICY (KIDS_POLICY_ID , KIDS_POLICY_TITLE , KIDS_POLICY_TEXT, KIDS_POLICY_TARGET, KIDS_POLICY_PROCESS, KIDS_POLICY_URL, KIDS_POLICY_TYPE, CREATED_AT, UPDATED_AT, DELETED, USERS_ID) VALUES (29, '가정행복 도시락 · 밀키트 · 먹거리 할인', '※ 가정행복 도시락 · 밀키트 · 먹거리 할인지원 사업은 서울시 예산 지원 없이 협력사가 사회 공헌 차원에서 쿠폰 비용을 전액 부담하고 있는 사업입니다.\n※ 신청 후 ''승인대기'' 상태로 보이는 것이 정상이며, 대상자에 해당하시는 경우 시스템상 승인 없이 다음달 1일(휴일인 경우 다음날) 쿠폰을 발송해드립니다.\n\n지원 내용\n① 편의점 ''CU'' : 30일 할인구독권 지급\n- 간편식사&음료 구독권(30일간 20% 할인 15회)\n- 아메리카노 구독권(30일간 25% 할인 60회)\n\n② 신선 식재료 ''오아시스''(http://www.oasis.co.kr/)\n: ''3/6/9만원 구매시 5천/1만/1만 5천 원 할인쿠폰'' 총 4장\n* 타 기획전 할인쿠폰 중복 적용 가능(문자 발급 쿠폰 중복 적용 불가능)\n* 오아시스마켓 배송상품 모두 사용 가능\n\n③ 이유식재료 ''초록마을 초록베베''(https://www.choroc.com/)\n: ''우리아이 첫 이유식 재료 쿠폰(초기 이유식 가루 9종 15% 할인)'', ''우리아이 취향 맞춤 상품 쿠폰(음료 · 주스 · 차 등 8종 15% 할인)'' 각 1장\n* 타 행사 중복적용 가능, 각 1장 지급\n\n④ 신선식재료, 간편식, 냉동/냉장식품 ''#(샵)풀무원''(https://shop.pulmuone.co.kr/)\n: ''3만/4만/8만 원 구매 시 6천/8천/2만원 할인쿠폰'' 각 1장, 총 3장\n* 타 쿠폰 및 이벤트와 중복사용 불가\n\⑤ 건강한 도시락, 밀키트, 식재료 ''그리팅''(https://ww.greating.co.kr/)\n: ''3만/5만 원 구매 시 7천/1만2천원 할인쿠폰'' 각 1장, 총 2장\n\n⑥ 밀키트 전문 ''마이셰프'' (https://mychef.kr/)\n: ''2만/3만/5만 원 구매 시 3천/4.5천/7.5천원 할인쿠폰'' 각 1장, 총 3장\n\n⑦ 밀키트 전문 ''프레시지''(https://heodakmarket.com/)\n: ''프레시지 상품 3만 5천원/5만원 구매 시 5천/1만원 할인쿠폰'' 각 1장\n 소상공인 상품 3만원 구매 시 5천원 할인쿠폰 1장, 총 3장\n\n⑧ 닭가슴살 등 건강간편식 ''허닭''(http://www.heodak.com/)\n: ''허닭 상품 3만 5천원/5만원 구매 시 5천/1만원 할인쿠폰'' 각 1장\n ''소상공인 상품 3만원 구매 시 5천원 할인쿠폰 1장, 총 3장\n\n※ GS편의점은 2023년 12월 말로 협약이 종료되었습니다.\n※ 칙바이칙, 랭킹닭컴은 2024년 6월 말로 협약이 종료되었습니다.', '서울시 거주 18세 이하 자녀 1명 이상 있는 가구(조손가구 포함)\n* 자녀가 2005.6.1. 이후 출생한 경우 신청 가능\n* 부모(또는 조부모) 1명당 각각 자녀별 신청 가능', '① 편의점(CU) : 문자로 받은 쿠폰 번호를 ''포켓 CU'' 어플에 등록하여 온오프라인 주문 시 사용\n② 오아시스 : 문자로 받은 쿠폰 번호를 ''오아시스'' 어플 또는 사이트에서 등록하여 사용\n③ 초록마을 : 초록마을 회원 계정으로 자동 발급된 쿠폰 온라인에서 사용(쿠폰지급 전 회원가입 필수)\n④ #(샵)풀무원 : 문자로 받은 쿠폰 번호를 ''#풀무원'' 어플 또는 사이트에서 등록하여 온라인 주문 시 사용\n⑤ 그리팅 : 문자로 받은 쿠폰 번호를 ''그리팅''어플 또는 사이트에서 등록하여 온라인 주문 시 사용\n⑥ 마이셰프 : 문자로 받은 쿠폰 번호를 ''마이셰프'' 사이트에서 등록하여 온라인 주문 시 사용\n⑦ 프레시지 : 문자로 받은 쿠폰 번호를 ''HD마켓'' 어플 또는 사이트에서 등록하여 온라인 주문 시 사용\n⑧ 허닭 : 문자로 받은 쿠폰 번호를 ''허닭몰'' 어플 또는 사이트에서 등록하여 온라인 주문 시 사용', 'https://umppa.seoul.go.kr/hmpg/hehe/suea/difa/bzin/bzmgPageDetail.do?biz_mng_no=ADE900F46F7F47A6A7D041419540A251', 'SERVICES_SUPPORT',  now(), now(), FALSE, 0);
INSERT INTO KIDS_POLICY (KIDS_POLICY_ID , KIDS_POLICY_TITLE , KIDS_POLICY_TEXT, KIDS_POLICY_TARGET, KIDS_POLICY_PROCESS, KIDS_POLICY_URL, KIDS_POLICY_TYPE, CREATED_AT, UPDATED_AT, DELETED, USERS_ID) VALUES (30, '서울형 키즈카페', '어린이에게 계절변화와 상관없고, 경제적 부담없는 놀이공간을 제공하고 재미 · 안전 · 돌봄까지 책임지는 서울형 키즈카페 조성', '0~9세 아동 및 보호자', '(개인이용) 이용자가 희망하는 시간대에 온라인 예약(우리동네 키움포털, https://icare.seoul.go.kr/) 후 해당일에 시설방문이용\n(단체이용) 기관 종사자에 의해 온라인 예약 후 해당일에 시설방문이용\n※ 개인의 경우 예약인원이 정원을 초과하지 아니하였을 때는 현장접수도 가능', 'https://umppa.seoul.go.kr/hmpg/cogo/crpa/seki/bzmgPageDetail.do?biz_mng_no=6DD24707FB4941C09D10B50AF4917997', 'SERVICES_SUPPORT',  now(), now(), FALSE, 0);
INSERT INTO KIDS_POLICY (KIDS_POLICY_ID , KIDS_POLICY_TITLE , KIDS_POLICY_TEXT, KIDS_POLICY_TARGET, KIDS_POLICY_PROCESS, KIDS_POLICY_URL, KIDS_POLICY_TYPE, CREATED_AT, UPDATED_AT, DELETED, USERS_ID) VALUES (31, '서울키즈오케이존', '아이와 양육자가 환영받고 편하게 외식할 수 있도록 음식점 및 카페 등을 대상으로 ''서울키즈 오케이존'' 지정(대상업소들의 자율적 동참)\n지정업체는 아이를 환영하는 가게 라는 것을 알 수 있도록 식별마크 부착 및 아이의자, 아이식기 등 식사 도움용품 구비', '영유아 및 아이 동반 양육자', '서울키즈 오케이존 찾기 : 스마트서울맵을 통해 검색 후 방문', 'https://umppa.seoul.go.kr/hmpg/cogo/crou/kiok/bzmgPageDetail.do?biz_mng_no=99341E4FE02244FFA897EF1BF7678DD1', 'SERVICES_SUPPORT',  now(), now(), FALSE, 0);
INSERT INTO KIDS_POLICY (KIDS_POLICY_ID , KIDS_POLICY_TITLE , KIDS_POLICY_TEXT, KIDS_POLICY_TARGET, KIDS_POLICY_PROCESS, KIDS_POLICY_URL, KIDS_POLICY_TYPE, CREATED_AT, UPDATED_AT, DELETED, USERS_ID) VALUES (32, '서울엄마아빠택시', '택시이용권(포인트) 10만원 지원\n(1.23. ~ 11.30. 까지 신청, 단 예산 소진시 종료)', '서울시 25개 자치구에 주소를 둔 24개월이하 영아 양육가정(22년 1월생부터)', '○ 신청방법\n아이엠 택시(앱) 설치 및 실행 > 메뉴버튼 클릭 > 서울엄마아빠택시 이용안내 클릭 후 신청(신청자, 신청영아 정보 입력, 증빙자료 등록 등)\n\n○ 이용방법\n아이엠 택시(앱) 실행 및 로그인 > 출발지와 도착지 입력 > 차량유형 및 이용타입 선택 > 결제수단 "포인트" 체크\n※ 아이를 동반하지 않고 탑승할 경우 포인트 결제 불가, 미동반 탑승 적발시 포인트 환수', 'https://umppa.seoul.go.kr/hmpg/cogo/como/pata/bzmgPageDetail.do?biz_mng_no=3EF7489ACF614F939FEF8514308797D2', 'SERVICES_SUPPORT',  now(), now(), FALSE, 0);
INSERT INTO KIDS_POLICY (KIDS_POLICY_ID , KIDS_POLICY_TITLE , KIDS_POLICY_TEXT, KIDS_POLICY_TARGET, KIDS_POLICY_PROCESS, KIDS_POLICY_URL, KIDS_POLICY_TYPE, CREATED_AT, UPDATED_AT, DELETED, USERS_ID) VALUES (33, '서울엄마아빠VIP존', '아이동반 외출 시, 양육자와 아이의 휴식이 가능하면서 수유 · 돌봄 · 놀이 등 육아 편의를 제공하는 양육자를 위한 전용(VIP) 공간 조성 (적정 곤간을 갖추고, 시설별 특성에 맞는 서비스를 제공)\n① 기본형 : 아기쉼터, 기저귀교환대 등 육아편의 공간 제공\n② 휴식형 : 아이와 머무르며 쉬고 놀 수 있는 개방형 휴식공간 제공\n③ 완성형 : 양육자가 문화 · 여가생활을 할 수 있도록 돌봄 · 놀이공간 제공\n※ 시설 여건 및 이용자 수요에 따라 조성', '영유아 및 아이 동반 양육자', '아트책보고, 세종문화회관 등 방문시 이용', 'https://umppa.seoul.go.kr/hmpg/cogo/crou/sevi/bzmgPageDetail.do?biz_mng_no=C4162D7D51244DF3BEFEF8CDCECC93F2', 'SERVICES_SUPPORT',  now(), now(), FALSE, 0);
INSERT INTO KIDS_POLICY (KIDS_POLICY_ID , KIDS_POLICY_TITLE , KIDS_POLICY_TEXT, KIDS_POLICY_TARGET, KIDS_POLICY_PROCESS, KIDS_POLICY_URL, KIDS_POLICY_TYPE, CREATED_AT, UPDATED_AT, DELETED, USERS_ID) VALUES (34, '가족화장실', '남녀 구분 없이 영유아 동반 엄마아빠의 이용이 편리하도록 설비와 물품 등을 갖춘 화장실 조성', '아이 동반 가족', '공공화장실, 공공시설, 공원, 한강공원, 수변공간 등 방문시 이용가능', 'https://umppa.seoul.go.kr/hmpg/cogo/crou/faba/bzmgPageDetail.do?biz_mng_no=9C2AF79E185F44678691F88ACB111DBC', 'SERVICES_SUPPORT',  now(), now(), FALSE, 0);
INSERT INTO KIDS_POLICY (KIDS_POLICY_ID , KIDS_POLICY_TITLE , KIDS_POLICY_TEXT, KIDS_POLICY_TARGET, KIDS_POLICY_PROCESS, KIDS_POLICY_URL, KIDS_POLICY_TYPE, CREATED_AT, UPDATED_AT, DELETED, USERS_ID) VALUES (35, '가족배려주차장', '서울시 공공 · 민간주차장(30면 이상) 10% 이상을 가족배려주차장으로 조성\n약자 동반 가족을 배려하는 新 주차문화 조성', '① 임산부 또는 임산부를 동반한 사람\n② 6세 미만 영유아 동반 차량\n③ 고령 등으로 일상생활에서 이동이 불편한 사람 또는 이를 동반한 사람', '가족배려주차장 이용대상 우선 주차', 'https://umppa.seoul.go.kr/hmpg/cogo/crou/fapa/bzmgPageDetail.do?biz_mng_no=3FB5CAF65EB24F71B7C274970C425B7E', 'SERVICES_SUPPORT',  now(), now(), FALSE, 0);
INSERT INTO KIDS_POLICY (KIDS_POLICY_ID , KIDS_POLICY_TITLE , KIDS_POLICY_TEXT, KIDS_POLICY_TARGET, KIDS_POLICY_PROCESS, KIDS_POLICY_URL, KIDS_POLICY_TYPE, CREATED_AT, UPDATED_AT, DELETED, USERS_ID) VALUES (36, '서울장난감도서관', '- 장난감, 도서, DVD 대여\n- 장애 영유아 장난감 대여\- 육아용품 대여', '0~6세 자녀를 양육하는 서울시민', '서울 장난감도서관(https://seoultoy.or.kr/) 회원가입 후 이용', 'https://umppa.seoul.go.kr/hmpg/cogo/crpa/seto/bzmgPageDetail.do?biz_mng_no=5860EBA4DC8B4DA4B7391EDAC4A197EB', 'SERVICES_SUPPORT',  now(), now(), FALSE, 0);
INSERT INTO KIDS_POLICY (KIDS_POLICY_ID , KIDS_POLICY_TITLE , KIDS_POLICY_TEXT, KIDS_POLICY_TARGET, KIDS_POLICY_PROCESS, KIDS_POLICY_URL, KIDS_POLICY_TYPE, CREATED_AT, UPDATED_AT, DELETED, USERS_ID) VALUES (37, '다둥이 행복카드', '서울시에 주민등록이 되어있는 2자녀 이상을 둔 가정(막내가 18세 이하)', '다자녀가족', '다둥이행복카드 협력업체 이용시 카드 제시 또는 결제', 'https://umppa.seoul.go.kr/hmpg/cogo/crou/exmu/muca/bzmgPageDetail.do?biz_mng_no=C692C02DCC084E7BA5A232101911372D', 'SERVICES_SUPPORT',  now(), now(), FALSE, 0);
INSERT INTO KIDS_POLICY (KIDS_POLICY_ID , KIDS_POLICY_TITLE , KIDS_POLICY_TEXT, KIDS_POLICY_TARGET, KIDS_POLICY_PROCESS, KIDS_POLICY_URL, KIDS_POLICY_TYPE, CREATED_AT, UPDATED_AT, DELETED, USERS_ID) VALUES (38, '서울형 가사서비스', '임산부, 맞벌이, 다자녀 가정에 1가구당 총 10회의 가사서비스 제공(1회당 4시간, 1시간당 10분 휴게시간 포함)', '서울거주 중위소득 150%이하 임산부, 맞벌이, 다자녀 가정', '서울형 가사서비스 지원관리시스템 온라인 신청 (서울 가사서비스 (seoulgasa.or.kr))', 'https://umppa.seoul.go.kr/hmpg/liba/rebu/sest/bzmgPageDetail.do?biz_mng_no=004E674AA0674309AF881CBD860D24AB', 'SERVICES_SUPPORT',  now(), now(), FALSE, 0);
INSERT INTO KIDS_POLICY (KIDS_POLICY_ID , KIDS_POLICY_TITLE , KIDS_POLICY_TEXT, KIDS_POLICY_TARGET, KIDS_POLICY_PROCESS, KIDS_POLICY_URL, KIDS_POLICY_TYPE, CREATED_AT, UPDATED_AT, DELETED, USERS_ID) VALUES (39, '외국인 가사관리사 시범사업', '서울지역 맞벌이 가구 등을 대상으로 외국인 가사관리사가 양육가정의 가사와 육아를 제공하는 서비스', '육아와 가사 부담을 겪는 20~40대 맞벌이 부부, 한부모, 임산부 등 우선 선정', '서비스 제공기관 홈페이지(혼스토리생활, 휴브리스)에서 신청(24.8월 예정)', 'https://umppa.seoul.go.kr/hmpg/liba/rebu/pipr/bzmgPageDetail.do?biz_mng_no=0628118D5CA41566E063A60221627BA4', 'SERVICES_SUPPORT',  now(), now(), FALSE, 0);
INSERT INTO KIDS_POLICY (KIDS_POLICY_ID , KIDS_POLICY_TITLE , KIDS_POLICY_TEXT, KIDS_POLICY_TARGET, KIDS_POLICY_PROCESS, KIDS_POLICY_URL, KIDS_POLICY_TYPE, CREATED_AT, UPDATED_AT, DELETED, USERS_ID) VALUES (40, '아동수당', '아동 1인당 월 10만원 지급(아동이 90일 이상 해외 체류하는 경우 지급 중단)', '대한민국 국적을 보유(국적법에 따른 복수국적자 및 난민법에 따른 난민인정자 포함)하고 주민등록법에 따른 주민등록번호가 정상적으로 부여(사회복지 전산관리번호 부여 대상자 및 주민등록법에 따른 거주불명자 중 실제 거주지가 확인되는 자 포함)된 8세 미만 아동(0~95개월)', '거주지 관할 읍 · 면 · 동주민센터 또는 온라인 신청 (bokjiro.go.kr)', 'https://umppa.seoul.go.kr/hmpg/reca/dive/chal/bzmgPageDetail.do?biz_mng_no=ED3EC6C62E764B4DA1120C7F63940B04', 'CHILDCARE_SUPPORT',  now(), now(), FALSE, 0);
INSERT INTO KIDS_POLICY (KIDS_POLICY_ID , KIDS_POLICY_TITLE , KIDS_POLICY_TEXT, KIDS_POLICY_TARGET, KIDS_POLICY_PROCESS, KIDS_POLICY_URL, KIDS_POLICY_TYPE, CREATED_AT, UPDATED_AT, DELETED, USERS_ID) VALUES (41, '첫만남이용권', '첫째아 200만원, 둘째아 이상 300만원 이용권 지급(국민행복카드)', '출생신고되어 정상적으로 주민등록번호를 부여받은 아동', '▶ 보호자 또는 그 대린이 아동의 주민등록 상 주소지 읍 · 명 · 동 행정복지센터에 신청\n▶ 복지로(www.bokjiro.go.kr) 또는 정부24(www.gov.kr) 신청', 'https://umppa.seoul.go.kr/hmpg/chpo/chre/cntg/cntgListPage.do', 'CHILDCARE_SUPPORT',  now(), now(), FALSE, 0);
INSERT INTO KIDS_POLICY (KIDS_POLICY_ID , KIDS_POLICY_TITLE , KIDS_POLICY_TEXT, KIDS_POLICY_TARGET, KIDS_POLICY_PROCESS, KIDS_POLICY_URL, KIDS_POLICY_TYPE, CREATED_AT, UPDATED_AT, DELETED, USERS_ID) VALUES (42, '부모급여 지원', '○ 0세(0~11개월) : 월 100만원 지원\n○ 1세(12~23개월) : 월 50만원 지원', '2022.1.1. 이후 출생한 0세~1세 아동(0~23개월)\n※ 아동의 출생일을 포함한 60일 이내에 신청', '전국 읍 · 면 · 동주민센터 또는 온라인 신청 (bokjiro.go.kr)', 'https://umppa.seoul.go.kr/hmpg/chpo/chre/cntg/cntgListPage.do', 'CHILDCARE_SUPPORT',  now(), now(), FALSE, 0);
INSERT INTO KIDS_POLICY (KIDS_POLICY_ID , KIDS_POLICY_TITLE , KIDS_POLICY_TEXT, KIDS_POLICY_TARGET, KIDS_POLICY_PROCESS, KIDS_POLICY_URL, KIDS_POLICY_TYPE, CREATED_AT, UPDATED_AT, DELETED, USERS_ID) VALUES (43, '0~5세 보육료지원사업', '○ 0세반\n- 기본보육 : 514,000원\n- 야간 : 514,000원\n- 24시 : 771,000원\n○ 1세반\n- 기본보육 : 452,000원\n- 야간 : 452,000원\n- 24시 : 678,000원\n○ 2세반\n- 기본보육 : 375,000원\n- 야간 : 375,000원\n- 24시 : 562,500원\n○ 3~5세반\n- 기본보육 : 280,000원\n- 야간 : 280,000원\n- 24시 : 420,000원', '어린이집을 이용하는 0-5세 아동', '전국 읍 · 면 · 동주민센터 또는 온라인 신청 (bokjiro.go.kr)', 'https://umppa.seoul.go.kr/hmpg/chpo/chre/cntg/cntgListPage.do', 'CHILDCARE_SUPPORT',  now(), now(), FALSE, 0);
INSERT INTO KIDS_POLICY (KIDS_POLICY_ID , KIDS_POLICY_TITLE , KIDS_POLICY_TEXT, KIDS_POLICY_TARGET, KIDS_POLICY_PROCESS, KIDS_POLICY_URL, KIDS_POLICY_TYPE, CREATED_AT, UPDATED_AT, DELETED, USERS_ID) VALUES (44, '가정양육수당 지원', '○ 양육수당\n- 24~86개월 미만(취학전) : 10만원\n○ 장애아동 양육수당\n-24~35개월 : 20만원\n-36~86개월 미만(취학전) : 10만원', '어린이집, 유치원(특수학교 포함), 종일제 아이돌봄서비스 등을 이용하지 않고 가정에서 양육되는 영유아(24~86개월 미만 아동)', '전국 읍 · 면 · 동주민센터 또는 온라인 신청 (bokjiro.go.kr)', 'https://umppa.seoul.go.kr/hmpg/chpo/chre/cntg/cntgListPage.do', 'CHILDCARE_SUPPORT',  now(), now(), FALSE, 0);
INSERT INTO KIDS_POLICY (KIDS_POLICY_ID , KIDS_POLICY_TITLE , KIDS_POLICY_TEXT, KIDS_POLICY_TARGET, KIDS_POLICY_PROCESS, KIDS_POLICY_URL, KIDS_POLICY_TYPE, CREATED_AT, UPDATED_AT, DELETED, USERS_ID) VALUES (45, '미숙아 및 선청성이상아 의료비 지원', '○ 미숙아 : 체중별 최고 1,000만원까지 수술 및 치료비 지원\n○ 선천성이상아 : 최고 500만원까지 수술 및 치료비 지원', '○ 기준 중위소득 180% 이하 가구의 미숙아 및 선천성 이상아 출산 가정\n○ 둘째아 이상 출생아가 미숙아 및 선천성 이상아인 경우(첫째로 출생한 쌍둥이는 다자녀로 인정하며, 소득수준에 관계없이 지원)', '○ 대상 영아의 부모가 (최종)퇴원일로부터 6개월 이내에 제출 서류를 구비하여 신청일 기준 대상 영아의 주민등록 주소지 관할 보건소로 신청\n- 신청기간을 경과한 신청 건은 보건소장이 그 사유가 타당하다고 인정할 경우 지원 가능\n- 퇴원전 의료비 신청(중간정산)은 청구금액이 지원한도를 초과한 경우에만 가능', 'https://umppa.seoul.go.kr/hmpg/chpo/chre/cntg/cntgListPage.do', 'CHILDCARE_SUPPORT',  now(), now(), FALSE, 0);
INSERT INTO KIDS_POLICY (KIDS_POLICY_ID , KIDS_POLICY_TITLE , KIDS_POLICY_TEXT, KIDS_POLICY_TARGET, KIDS_POLICY_PROCESS, KIDS_POLICY_URL, KIDS_POLICY_TYPE, CREATED_AT, UPDATED_AT, DELETED, USERS_ID) VALUES (46, '선천성대사이상 검사 및 환아관리', '신생아 선천성대사이상 외래 선별검사비의 (일부)본인부담금 지원, 선천성대사이상 선별검사 결과 유소견 판정 후, 선천성대사이상 질환 관련 확진검사를 받은 경우 확진검사비의 (일부)본인부담금지원, 선천성대사이상질환 환아 등록관리', '선천성 대사이상의 유무를 초기에 발견하여 치료하고 장애발생을 사전에 예빵하여 영유아 건강 증진', '○ 대상 영아의 부모가 출생일로부터 1년 이내에 제출서류를 구비하여 신청일 기준 대상 영아의 주민등록 주소지 관할 보건소로 선정', 'https://umppa.seoul.go.kr/hmpg/chpo/chre/cntg/cntgListPage.do', 'CHILDCARE_SUPPORT',  now(), now(), FALSE, 0);
INSERT INTO KIDS_POLICY (KIDS_POLICY_ID , KIDS_POLICY_TITLE , KIDS_POLICY_TEXT, KIDS_POLICY_TARGET, KIDS_POLICY_PROCESS, KIDS_POLICY_URL, KIDS_POLICY_TYPE, CREATED_AT, UPDATED_AT, DELETED, USERS_ID) VALUES (47, '선천성대사이상 검사 및 환아관리(난청, 보청기)', '○ 신생아청각선별검사비 지원\n○ 난청 선별거사 결과 재검으로 판정된 경우, 난청확진검사비 지원\n○ 보청기 지원 : 양측 보청기 지원(131만원 한도)', '○ 난청 검사비 : 기준 중위소득 180% 이하 가구의 영아\n○ 보청기 지원 : 기준 중위소득 180% 이하 가구의 만 3세 미만 영유아 중 양측성 난청이면서 장애 등급을 받지 못하는 난청 환아\n※ 다자녀(2명 이상) 가구의 영아는 소득수준에 관계없이 지원', '출생일 기준 1년 이내 주소지 관할 보건소 방문 신청', 'https://umppa.seoul.go.kr/hmpg/chpo/chre/cntg/cntgListPage.do', 'CHILDCARE_SUPPORT',  now(), now(), FALSE, 0);


INSERT INTO KIDS_POLICY_REGION (KIDS_POLICY_ID, REGION_ID) VALUES (1, 26);
INSERT INTO KIDS_POLICY_REGION (KIDS_POLICY_ID, REGION_ID) VALUES (2, 1);
INSERT INTO KIDS_POLICY_REGION (KIDS_POLICY_ID, REGION_ID) VALUES (2, 18);
INSERT INTO KIDS_POLICY_REGION (KIDS_POLICY_ID, REGION_ID) VALUES (3, 2);
INSERT INTO KIDS_POLICY_REGION (KIDS_POLICY_ID, REGION_ID) VALUES (3, 24);
INSERT INTO KIDS_POLICY_REGION (KIDS_POLICY_ID, REGION_ID) VALUES (3, 23);
INSERT INTO KIDS_POLICY_REGION (KIDS_POLICY_ID, REGION_ID) VALUES (4, 3);
INSERT INTO KIDS_POLICY_REGION (KIDS_POLICY_ID, REGION_ID) VALUES (5, 21);
INSERT INTO KIDS_POLICY_REGION (KIDS_POLICY_ID, REGION_ID) VALUES (5, 13);
INSERT INTO KIDS_POLICY_REGION (KIDS_POLICY_ID, REGION_ID) VALUES (6, 16);
INSERT INTO KIDS_POLICY_REGION (KIDS_POLICY_ID, REGION_ID) VALUES (6, 17);
INSERT INTO KIDS_POLICY_REGION (KIDS_POLICY_ID, REGION_ID) VALUES (7, 26);
INSERT INTO KIDS_POLICY_REGION (KIDS_POLICY_ID, REGION_ID) VALUES (8, 20);
INSERT INTO KIDS_POLICY_REGION (KIDS_POLICY_ID, REGION_ID) VALUES (8, 22);
INSERT INTO KIDS_POLICY_REGION (KIDS_POLICY_ID, REGION_ID) VALUES (8, 15);
INSERT INTO KIDS_POLICY_REGION (KIDS_POLICY_ID, REGION_ID) VALUES (9, 4);
INSERT INTO KIDS_POLICY_REGION (KIDS_POLICY_ID, REGION_ID) VALUES (9, 5);
INSERT INTO KIDS_POLICY_REGION (KIDS_POLICY_ID, REGION_ID) VALUES (10, 9);
INSERT INTO KIDS_POLICY_REGION (KIDS_POLICY_ID, REGION_ID) VALUES (10, 10);
INSERT INTO KIDS_POLICY_REGION (KIDS_POLICY_ID, REGION_ID) VALUES (11, 6);
INSERT INTO KIDS_POLICY_REGION (KIDS_POLICY_ID, REGION_ID) VALUES (11, 7);
INSERT INTO KIDS_POLICY_REGION (KIDS_POLICY_ID, REGION_ID) VALUES (11, 8);
INSERT INTO KIDS_POLICY_REGION (KIDS_POLICY_ID, REGION_ID) VALUES (12, 26);
INSERT INTO KIDS_POLICY_REGION (KIDS_POLICY_ID, REGION_ID) VALUES (13, 26);
INSERT INTO KIDS_POLICY_REGION (KIDS_POLICY_ID, REGION_ID) VALUES (14, 11);
INSERT INTO KIDS_POLICY_REGION (KIDS_POLICY_ID, REGION_ID) VALUES (15, 26);
INSERT INTO KIDS_POLICY_REGION (KIDS_POLICY_ID, REGION_ID) VALUES (16, 12);
INSERT INTO KIDS_POLICY_REGION (KIDS_POLICY_ID, REGION_ID) VALUES (17, 14);
INSERT INTO KIDS_POLICY_REGION (KIDS_POLICY_ID, REGION_ID) VALUES (17, 19);
INSERT INTO KIDS_POLICY_REGION (KIDS_POLICY_ID, REGION_ID) VALUES (18, 22);
INSERT INTO KIDS_POLICY_REGION (KIDS_POLICY_ID, REGION_ID) VALUES (18, 25);
INSERT INTO KIDS_POLICY_REGION (KIDS_POLICY_ID, REGION_ID) VALUES (19, 26);
INSERT INTO KIDS_POLICY_REGION (KIDS_POLICY_ID, REGION_ID) VALUES (20, 26);
INSERT INTO KIDS_POLICY_REGION (KIDS_POLICY_ID, REGION_ID) VALUES (21, 26);
INSERT INTO KIDS_POLICY_REGION (KIDS_POLICY_ID, REGION_ID) VALUES (22, 26);
INSERT INTO KIDS_POLICY_REGION (KIDS_POLICY_ID, REGION_ID) VALUES (23, 26);
INSERT INTO KIDS_POLICY_REGION (KIDS_POLICY_ID, REGION_ID) VALUES (24, 26);
INSERT INTO KIDS_POLICY_REGION (KIDS_POLICY_ID, REGION_ID) VALUES (25, 26);
INSERT INTO KIDS_POLICY_REGION (KIDS_POLICY_ID, REGION_ID) VALUES (26, 26);
INSERT INTO KIDS_POLICY_REGION (KIDS_POLICY_ID, REGION_ID) VALUES (27, 26);
INSERT INTO KIDS_POLICY_REGION (KIDS_POLICY_ID, REGION_ID) VALUES (28, 26);
INSERT INTO KIDS_POLICY_REGION (KIDS_POLICY_ID, REGION_ID) VALUES (29, 26);
INSERT INTO KIDS_POLICY_REGION (KIDS_POLICY_ID, REGION_ID) VALUES (30, 26);
INSERT INTO KIDS_POLICY_REGION (KIDS_POLICY_ID, REGION_ID) VALUES (31, 26);
INSERT INTO KIDS_POLICY_REGION (KIDS_POLICY_ID, REGION_ID) VALUES (32, 26);
INSERT INTO KIDS_POLICY_REGION (KIDS_POLICY_ID, REGION_ID) VALUES (33, 26);
INSERT INTO KIDS_POLICY_REGION (KIDS_POLICY_ID, REGION_ID) VALUES (34, 26);
INSERT INTO KIDS_POLICY_REGION (KIDS_POLICY_ID, REGION_ID) VALUES (35, 26);
INSERT INTO KIDS_POLICY_REGION (KIDS_POLICY_ID, REGION_ID) VALUES (36, 26);
INSERT INTO KIDS_POLICY_REGION (KIDS_POLICY_ID, REGION_ID) VALUES (37, 26);
INSERT INTO KIDS_POLICY_REGION (KIDS_POLICY_ID, REGION_ID) VALUES (38, 26);
INSERT INTO KIDS_POLICY_REGION (KIDS_POLICY_ID, REGION_ID) VALUES (39, 26);
INSERT INTO KIDS_POLICY_REGION (KIDS_POLICY_ID, REGION_ID) VALUES (40, 26);
INSERT INTO KIDS_POLICY_REGION (KIDS_POLICY_ID, REGION_ID) VALUES (41, 26);
INSERT INTO KIDS_POLICY_REGION (KIDS_POLICY_ID, REGION_ID) VALUES (42, 26);
INSERT INTO KIDS_POLICY_REGION (KIDS_POLICY_ID, REGION_ID) VALUES (43, 26);
INSERT INTO KIDS_POLICY_REGION (KIDS_POLICY_ID, REGION_ID) VALUES (44, 26);
INSERT INTO KIDS_POLICY_REGION (KIDS_POLICY_ID, REGION_ID) VALUES (45, 26);
INSERT INTO KIDS_POLICY_REGION (KIDS_POLICY_ID, REGION_ID) VALUES (46, 26);
INSERT INTO KIDS_POLICY_REGION (KIDS_POLICY_ID, REGION_ID) VALUES (47, 26);


INSERT INTO KIDS_POLICY_AGE_TAG (KIDS_POLICY_ID, AGE_TAG_ID) VALUES (1, 1);
INSERT INTO KIDS_POLICY_AGE_TAG (KIDS_POLICY_ID, AGE_TAG_ID) VALUES (1, 2);
INSERT INTO KIDS_POLICY_AGE_TAG (KIDS_POLICY_ID, AGE_TAG_ID) VALUES (2, 1);
INSERT INTO KIDS_POLICY_AGE_TAG (KIDS_POLICY_ID, AGE_TAG_ID) VALUES (2, 2);
INSERT INTO KIDS_POLICY_AGE_TAG (KIDS_POLICY_ID, AGE_TAG_ID) VALUES (3, 1);
INSERT INTO KIDS_POLICY_AGE_TAG (KIDS_POLICY_ID, AGE_TAG_ID) VALUES (3, 2);
INSERT INTO KIDS_POLICY_AGE_TAG (KIDS_POLICY_ID, AGE_TAG_ID) VALUES (3, 3);
INSERT INTO KIDS_POLICY_AGE_TAG (KIDS_POLICY_ID, AGE_TAG_ID) VALUES (3, 4);
INSERT INTO KIDS_POLICY_AGE_TAG (KIDS_POLICY_ID, AGE_TAG_ID) VALUES (4, 1);
INSERT INTO KIDS_POLICY_AGE_TAG (KIDS_POLICY_ID, AGE_TAG_ID) VALUES (4, 2);
INSERT INTO KIDS_POLICY_AGE_TAG (KIDS_POLICY_ID, AGE_TAG_ID) VALUES (4, 3);
INSERT INTO KIDS_POLICY_AGE_TAG (KIDS_POLICY_ID, AGE_TAG_ID) VALUES (4, 4);
INSERT INTO KIDS_POLICY_AGE_TAG (KIDS_POLICY_ID, AGE_TAG_ID) VALUES (5, 1);
INSERT INTO KIDS_POLICY_AGE_TAG (KIDS_POLICY_ID, AGE_TAG_ID) VALUES (5, 2);
INSERT INTO KIDS_POLICY_AGE_TAG (KIDS_POLICY_ID, AGE_TAG_ID) VALUES (5, 3);
INSERT INTO KIDS_POLICY_AGE_TAG (KIDS_POLICY_ID, AGE_TAG_ID) VALUES (5, 4);
INSERT INTO KIDS_POLICY_AGE_TAG (KIDS_POLICY_ID, AGE_TAG_ID) VALUES (6, 1);
INSERT INTO KIDS_POLICY_AGE_TAG (KIDS_POLICY_ID, AGE_TAG_ID) VALUES (6, 2);
INSERT INTO KIDS_POLICY_AGE_TAG (KIDS_POLICY_ID, AGE_TAG_ID) VALUES (6, 3);
INSERT INTO KIDS_POLICY_AGE_TAG (KIDS_POLICY_ID, AGE_TAG_ID) VALUES (6, 4);
INSERT INTO KIDS_POLICY_AGE_TAG (KIDS_POLICY_ID, AGE_TAG_ID) VALUES (7, 1);
INSERT INTO KIDS_POLICY_AGE_TAG (KIDS_POLICY_ID, AGE_TAG_ID) VALUES (7, 2);
INSERT INTO KIDS_POLICY_AGE_TAG (KIDS_POLICY_ID, AGE_TAG_ID) VALUES (7, 3);
INSERT INTO KIDS_POLICY_AGE_TAG (KIDS_POLICY_ID, AGE_TAG_ID) VALUES (8, 1);
INSERT INTO KIDS_POLICY_AGE_TAG (KIDS_POLICY_ID, AGE_TAG_ID) VALUES (8, 2);
INSERT INTO KIDS_POLICY_AGE_TAG (KIDS_POLICY_ID, AGE_TAG_ID) VALUES (8, 3);
INSERT INTO KIDS_POLICY_AGE_TAG (KIDS_POLICY_ID, AGE_TAG_ID) VALUES (9, 1);
INSERT INTO KIDS_POLICY_AGE_TAG (KIDS_POLICY_ID, AGE_TAG_ID) VALUES (9, 2);
INSERT INTO KIDS_POLICY_AGE_TAG (KIDS_POLICY_ID, AGE_TAG_ID) VALUES (9, 3);
INSERT INTO KIDS_POLICY_AGE_TAG (KIDS_POLICY_ID, AGE_TAG_ID) VALUES (10, 1);
INSERT INTO KIDS_POLICY_AGE_TAG (KIDS_POLICY_ID, AGE_TAG_ID) VALUES (10, 2);
INSERT INTO KIDS_POLICY_AGE_TAG (KIDS_POLICY_ID, AGE_TAG_ID) VALUES (11, 1);
INSERT INTO KIDS_POLICY_AGE_TAG (KIDS_POLICY_ID, AGE_TAG_ID) VALUES (11, 2);
INSERT INTO KIDS_POLICY_AGE_TAG (KIDS_POLICY_ID, AGE_TAG_ID) VALUES (11, 3);
INSERT INTO KIDS_POLICY_AGE_TAG (KIDS_POLICY_ID, AGE_TAG_ID) VALUES (12, 1);
INSERT INTO KIDS_POLICY_AGE_TAG (KIDS_POLICY_ID, AGE_TAG_ID) VALUES (12, 2);
INSERT INTO KIDS_POLICY_AGE_TAG (KIDS_POLICY_ID, AGE_TAG_ID) VALUES (12, 3);
INSERT INTO KIDS_POLICY_AGE_TAG (KIDS_POLICY_ID, AGE_TAG_ID) VALUES (13, 1);
INSERT INTO KIDS_POLICY_AGE_TAG (KIDS_POLICY_ID, AGE_TAG_ID) VALUES (13, 2);
INSERT INTO KIDS_POLICY_AGE_TAG (KIDS_POLICY_ID, AGE_TAG_ID) VALUES (13, 3);
INSERT INTO KIDS_POLICY_AGE_TAG (KIDS_POLICY_ID, AGE_TAG_ID) VALUES (14, 1);
INSERT INTO KIDS_POLICY_AGE_TAG (KIDS_POLICY_ID, AGE_TAG_ID) VALUES (15, 1);
INSERT INTO KIDS_POLICY_AGE_TAG (KIDS_POLICY_ID, AGE_TAG_ID) VALUES (15, 2);
INSERT INTO KIDS_POLICY_AGE_TAG (KIDS_POLICY_ID, AGE_TAG_ID) VALUES (16, 1);
INSERT INTO KIDS_POLICY_AGE_TAG (KIDS_POLICY_ID, AGE_TAG_ID) VALUES (16, 2);
INSERT INTO KIDS_POLICY_AGE_TAG (KIDS_POLICY_ID, AGE_TAG_ID) VALUES (16, 3);
INSERT INTO KIDS_POLICY_AGE_TAG (KIDS_POLICY_ID, AGE_TAG_ID) VALUES (17, 1);
INSERT INTO KIDS_POLICY_AGE_TAG (KIDS_POLICY_ID, AGE_TAG_ID) VALUES (17, 2);
INSERT INTO KIDS_POLICY_AGE_TAG (KIDS_POLICY_ID, AGE_TAG_ID) VALUES (17, 3);
INSERT INTO KIDS_POLICY_AGE_TAG (KIDS_POLICY_ID, AGE_TAG_ID) VALUES (18, 1);
INSERT INTO KIDS_POLICY_AGE_TAG (KIDS_POLICY_ID, AGE_TAG_ID) VALUES (18, 2);
INSERT INTO KIDS_POLICY_AGE_TAG (KIDS_POLICY_ID, AGE_TAG_ID) VALUES (18, 3);
INSERT INTO KIDS_POLICY_AGE_TAG (KIDS_POLICY_ID, AGE_TAG_ID) VALUES (18, 4);
INSERT INTO KIDS_POLICY_AGE_TAG (KIDS_POLICY_ID, AGE_TAG_ID) VALUES (19, 1);
INSERT INTO KIDS_POLICY_AGE_TAG (KIDS_POLICY_ID, AGE_TAG_ID) VALUES (19, 2);
INSERT INTO KIDS_POLICY_AGE_TAG (KIDS_POLICY_ID, AGE_TAG_ID) VALUES (19, 3);
INSERT INTO KIDS_POLICY_AGE_TAG (KIDS_POLICY_ID, AGE_TAG_ID) VALUES (19, 4);
INSERT INTO KIDS_POLICY_AGE_TAG (KIDS_POLICY_ID, AGE_TAG_ID) VALUES (20, 3);
INSERT INTO KIDS_POLICY_AGE_TAG (KIDS_POLICY_ID, AGE_TAG_ID) VALUES (20, 4);
INSERT INTO KIDS_POLICY_AGE_TAG (KIDS_POLICY_ID, AGE_TAG_ID) VALUES (21, 3);
INSERT INTO KIDS_POLICY_AGE_TAG (KIDS_POLICY_ID, AGE_TAG_ID) VALUES (21, 4);
INSERT INTO KIDS_POLICY_AGE_TAG (KIDS_POLICY_ID, AGE_TAG_ID) VALUES (22, 1);
INSERT INTO KIDS_POLICY_AGE_TAG (KIDS_POLICY_ID, AGE_TAG_ID) VALUES (22, 2);
INSERT INTO KIDS_POLICY_AGE_TAG (KIDS_POLICY_ID, AGE_TAG_ID) VALUES (22, 3);
INSERT INTO KIDS_POLICY_AGE_TAG (KIDS_POLICY_ID, AGE_TAG_ID) VALUES (22, 4);
INSERT INTO KIDS_POLICY_AGE_TAG (KIDS_POLICY_ID, AGE_TAG_ID) VALUES (23, 3);
INSERT INTO KIDS_POLICY_AGE_TAG (KIDS_POLICY_ID, AGE_TAG_ID) VALUES (23, 4);
INSERT INTO KIDS_POLICY_AGE_TAG (KIDS_POLICY_ID, AGE_TAG_ID) VALUES (24, 3);
INSERT INTO KIDS_POLICY_AGE_TAG (KIDS_POLICY_ID, AGE_TAG_ID) VALUES (24, 4);
INSERT INTO KIDS_POLICY_AGE_TAG (KIDS_POLICY_ID, AGE_TAG_ID) VALUES (25, 1);
INSERT INTO KIDS_POLICY_AGE_TAG (KIDS_POLICY_ID, AGE_TAG_ID) VALUES (26, 1);
INSERT INTO KIDS_POLICY_AGE_TAG (KIDS_POLICY_ID, AGE_TAG_ID) VALUES (26, 2);
INSERT INTO KIDS_POLICY_AGE_TAG (KIDS_POLICY_ID, AGE_TAG_ID) VALUES (26, 3);
INSERT INTO KIDS_POLICY_AGE_TAG (KIDS_POLICY_ID, AGE_TAG_ID) VALUES (27, 1);
INSERT INTO KIDS_POLICY_AGE_TAG (KIDS_POLICY_ID, AGE_TAG_ID) VALUES (27, 2);
INSERT INTO KIDS_POLICY_AGE_TAG (KIDS_POLICY_ID, AGE_TAG_ID) VALUES (28, 3);
INSERT INTO KIDS_POLICY_AGE_TAG (KIDS_POLICY_ID, AGE_TAG_ID) VALUES (28, 4);
INSERT INTO KIDS_POLICY_AGE_TAG (KIDS_POLICY_ID, AGE_TAG_ID) VALUES (29, 1);
INSERT INTO KIDS_POLICY_AGE_TAG (KIDS_POLICY_ID, AGE_TAG_ID) VALUES (29, 2);
INSERT INTO KIDS_POLICY_AGE_TAG (KIDS_POLICY_ID, AGE_TAG_ID) VALUES (30, 1);
INSERT INTO KIDS_POLICY_AGE_TAG (KIDS_POLICY_ID, AGE_TAG_ID) VALUES (30, 2);
INSERT INTO KIDS_POLICY_AGE_TAG (KIDS_POLICY_ID, AGE_TAG_ID) VALUES (30, 3);
INSERT INTO KIDS_POLICY_AGE_TAG (KIDS_POLICY_ID, AGE_TAG_ID) VALUES (30, 4);
INSERT INTO KIDS_POLICY_AGE_TAG (KIDS_POLICY_ID, AGE_TAG_ID) VALUES (31, 1);
INSERT INTO KIDS_POLICY_AGE_TAG (KIDS_POLICY_ID, AGE_TAG_ID) VALUES (31, 2);
INSERT INTO KIDS_POLICY_AGE_TAG (KIDS_POLICY_ID, AGE_TAG_ID) VALUES (31, 3);
INSERT INTO KIDS_POLICY_AGE_TAG (KIDS_POLICY_ID, AGE_TAG_ID) VALUES (31, 4);
INSERT INTO KIDS_POLICY_AGE_TAG (KIDS_POLICY_ID, AGE_TAG_ID) VALUES (32, 1);
INSERT INTO KIDS_POLICY_AGE_TAG (KIDS_POLICY_ID, AGE_TAG_ID) VALUES (33, 1);
INSERT INTO KIDS_POLICY_AGE_TAG (KIDS_POLICY_ID, AGE_TAG_ID) VALUES (33, 2);
INSERT INTO KIDS_POLICY_AGE_TAG (KIDS_POLICY_ID, AGE_TAG_ID) VALUES (33, 3);
INSERT INTO KIDS_POLICY_AGE_TAG (KIDS_POLICY_ID, AGE_TAG_ID) VALUES (33, 4);
INSERT INTO KIDS_POLICY_AGE_TAG (KIDS_POLICY_ID, AGE_TAG_ID) VALUES (34, 1);
INSERT INTO KIDS_POLICY_AGE_TAG (KIDS_POLICY_ID, AGE_TAG_ID) VALUES (34, 2);
INSERT INTO KIDS_POLICY_AGE_TAG (KIDS_POLICY_ID, AGE_TAG_ID) VALUES (34, 3);
INSERT INTO KIDS_POLICY_AGE_TAG (KIDS_POLICY_ID, AGE_TAG_ID) VALUES (34, 4);
INSERT INTO KIDS_POLICY_AGE_TAG (KIDS_POLICY_ID, AGE_TAG_ID) VALUES (35, 1);
INSERT INTO KIDS_POLICY_AGE_TAG (KIDS_POLICY_ID, AGE_TAG_ID) VALUES (35, 2);
INSERT INTO KIDS_POLICY_AGE_TAG (KIDS_POLICY_ID, AGE_TAG_ID) VALUES (36, 1);
INSERT INTO KIDS_POLICY_AGE_TAG (KIDS_POLICY_ID, AGE_TAG_ID) VALUES (36, 2);
INSERT INTO KIDS_POLICY_AGE_TAG (KIDS_POLICY_ID, AGE_TAG_ID) VALUES (37, 1);
INSERT INTO KIDS_POLICY_AGE_TAG (KIDS_POLICY_ID, AGE_TAG_ID) VALUES (37, 2);
INSERT INTO KIDS_POLICY_AGE_TAG (KIDS_POLICY_ID, AGE_TAG_ID) VALUES (37, 3);
INSERT INTO KIDS_POLICY_AGE_TAG (KIDS_POLICY_ID, AGE_TAG_ID) VALUES (37, 4);
INSERT INTO KIDS_POLICY_AGE_TAG (KIDS_POLICY_ID, AGE_TAG_ID) VALUES (38, 1);
INSERT INTO KIDS_POLICY_AGE_TAG (KIDS_POLICY_ID, AGE_TAG_ID) VALUES (38, 2);
INSERT INTO KIDS_POLICY_AGE_TAG (KIDS_POLICY_ID, AGE_TAG_ID) VALUES (38, 3);
INSERT INTO KIDS_POLICY_AGE_TAG (KIDS_POLICY_ID, AGE_TAG_ID) VALUES (38, 4);
INSERT INTO KIDS_POLICY_AGE_TAG (KIDS_POLICY_ID, AGE_TAG_ID) VALUES (39, 1);
INSERT INTO KIDS_POLICY_AGE_TAG (KIDS_POLICY_ID, AGE_TAG_ID) VALUES (39, 2);
INSERT INTO KIDS_POLICY_AGE_TAG (KIDS_POLICY_ID, AGE_TAG_ID) VALUES (39, 3);
INSERT INTO KIDS_POLICY_AGE_TAG (KIDS_POLICY_ID, AGE_TAG_ID) VALUES (39, 4);
INSERT INTO KIDS_POLICY_AGE_TAG (KIDS_POLICY_ID, AGE_TAG_ID) VALUES (40, 1);
INSERT INTO KIDS_POLICY_AGE_TAG (KIDS_POLICY_ID, AGE_TAG_ID) VALUES (40, 2);
INSERT INTO KIDS_POLICY_AGE_TAG (KIDS_POLICY_ID, AGE_TAG_ID) VALUES (40, 3);
INSERT INTO KIDS_POLICY_AGE_TAG (KIDS_POLICY_ID, AGE_TAG_ID) VALUES (41, 1);
INSERT INTO KIDS_POLICY_AGE_TAG (KIDS_POLICY_ID, AGE_TAG_ID) VALUES (42, 1);
INSERT INTO KIDS_POLICY_AGE_TAG (KIDS_POLICY_ID, AGE_TAG_ID) VALUES (43, 1);
INSERT INTO KIDS_POLICY_AGE_TAG (KIDS_POLICY_ID, AGE_TAG_ID) VALUES (43, 2);
INSERT INTO KIDS_POLICY_AGE_TAG (KIDS_POLICY_ID, AGE_TAG_ID) VALUES (44, 1);
INSERT INTO KIDS_POLICY_AGE_TAG (KIDS_POLICY_ID, AGE_TAG_ID) VALUES (44, 2);
INSERT INTO KIDS_POLICY_AGE_TAG (KIDS_POLICY_ID, AGE_TAG_ID) VALUES (44, 3);
INSERT INTO KIDS_POLICY_AGE_TAG (KIDS_POLICY_ID, AGE_TAG_ID) VALUES (45, 1);
INSERT INTO KIDS_POLICY_AGE_TAG (KIDS_POLICY_ID, AGE_TAG_ID) VALUES (46, 1);
INSERT INTO KIDS_POLICY_AGE_TAG (KIDS_POLICY_ID, AGE_TAG_ID) VALUES (47, 1);


INSERT INTO KIDS_POLICY_REGION_AGE_TAG (KIDS_POLICY_ID, REGION_ID, AGE_TAG_ID) VALUES (1, 26, 1);
INSERT INTO KIDS_POLICY_REGION_AGE_TAG (KIDS_POLICY_ID, REGION_ID, AGE_TAG_ID) VALUES (1, 26, 2);
INSERT INTO KIDS_POLICY_REGION_AGE_TAG (KIDS_POLICY_ID, REGION_ID, AGE_TAG_ID) VALUES (2, 1, 1);
INSERT INTO KIDS_POLICY_REGION_AGE_TAG (KIDS_POLICY_ID, REGION_ID, AGE_TAG_ID) VALUES (2, 1, 2);
INSERT INTO KIDS_POLICY_REGION_AGE_TAG (KIDS_POLICY_ID, REGION_ID, AGE_TAG_ID) VALUES (2, 18, 1);
INSERT INTO KIDS_POLICY_REGION_AGE_TAG (KIDS_POLICY_ID, REGION_ID, AGE_TAG_ID) VALUES (2, 18, 2);
INSERT INTO KIDS_POLICY_REGION_AGE_TAG (KIDS_POLICY_ID, REGION_ID, AGE_TAG_ID) VALUES (3, 2, 1);
INSERT INTO KIDS_POLICY_REGION_AGE_TAG (KIDS_POLICY_ID, REGION_ID, AGE_TAG_ID) VALUES (3, 2, 2);
INSERT INTO KIDS_POLICY_REGION_AGE_TAG (KIDS_POLICY_ID, REGION_ID, AGE_TAG_ID) VALUES (3, 2, 3);
INSERT INTO KIDS_POLICY_REGION_AGE_TAG (KIDS_POLICY_ID, REGION_ID, AGE_TAG_ID) VALUES (3, 2, 4);
INSERT INTO KIDS_POLICY_REGION_AGE_TAG (KIDS_POLICY_ID, REGION_ID, AGE_TAG_ID) VALUES (3, 24, 1);
INSERT INTO KIDS_POLICY_REGION_AGE_TAG (KIDS_POLICY_ID, REGION_ID, AGE_TAG_ID) VALUES (3, 24, 2);
INSERT INTO KIDS_POLICY_REGION_AGE_TAG (KIDS_POLICY_ID, REGION_ID, AGE_TAG_ID) VALUES (3, 24, 3);
INSERT INTO KIDS_POLICY_REGION_AGE_TAG (KIDS_POLICY_ID, REGION_ID, AGE_TAG_ID) VALUES (3, 24, 4);
INSERT INTO KIDS_POLICY_REGION_AGE_TAG (KIDS_POLICY_ID, REGION_ID, AGE_TAG_ID) VALUES (3, 23, 1);
INSERT INTO KIDS_POLICY_REGION_AGE_TAG (KIDS_POLICY_ID, REGION_ID, AGE_TAG_ID) VALUES (3, 23, 2);
INSERT INTO KIDS_POLICY_REGION_AGE_TAG (KIDS_POLICY_ID, REGION_ID, AGE_TAG_ID) VALUES (3, 23, 3);
INSERT INTO KIDS_POLICY_REGION_AGE_TAG (KIDS_POLICY_ID, REGION_ID, AGE_TAG_ID) VALUES (3, 23, 4);
INSERT INTO KIDS_POLICY_REGION_AGE_TAG (KIDS_POLICY_ID, REGION_ID, AGE_TAG_ID) VALUES (4, 3, 1);
INSERT INTO KIDS_POLICY_REGION_AGE_TAG (KIDS_POLICY_ID, REGION_ID, AGE_TAG_ID) VALUES (4, 3, 2);
INSERT INTO KIDS_POLICY_REGION_AGE_TAG (KIDS_POLICY_ID, REGION_ID, AGE_TAG_ID) VALUES (4, 3, 3);
INSERT INTO KIDS_POLICY_REGION_AGE_TAG (KIDS_POLICY_ID, REGION_ID, AGE_TAG_ID) VALUES (4, 3, 4);
INSERT INTO KIDS_POLICY_REGION_AGE_TAG (KIDS_POLICY_ID, REGION_ID, AGE_TAG_ID) VALUES (5, 21, 1);
INSERT INTO KIDS_POLICY_REGION_AGE_TAG (KIDS_POLICY_ID, REGION_ID, AGE_TAG_ID) VALUES (5, 21, 2);
INSERT INTO KIDS_POLICY_REGION_AGE_TAG (KIDS_POLICY_ID, REGION_ID, AGE_TAG_ID) VALUES (5, 21, 3);
INSERT INTO KIDS_POLICY_REGION_AGE_TAG (KIDS_POLICY_ID, REGION_ID, AGE_TAG_ID) VALUES (5, 21, 4);
INSERT INTO KIDS_POLICY_REGION_AGE_TAG (KIDS_POLICY_ID, REGION_ID, AGE_TAG_ID) VALUES (5, 13, 1);
INSERT INTO KIDS_POLICY_REGION_AGE_TAG (KIDS_POLICY_ID, REGION_ID, AGE_TAG_ID) VALUES (5, 13, 2);
INSERT INTO KIDS_POLICY_REGION_AGE_TAG (KIDS_POLICY_ID, REGION_ID, AGE_TAG_ID) VALUES (5, 13, 3);
INSERT INTO KIDS_POLICY_REGION_AGE_TAG (KIDS_POLICY_ID, REGION_ID, AGE_TAG_ID) VALUES (5, 13, 4);
INSERT INTO KIDS_POLICY_REGION_AGE_TAG (KIDS_POLICY_ID, REGION_ID, AGE_TAG_ID) VALUES (6, 16, 1);
INSERT INTO KIDS_POLICY_REGION_AGE_TAG (KIDS_POLICY_ID, REGION_ID, AGE_TAG_ID) VALUES (6, 16, 2);
INSERT INTO KIDS_POLICY_REGION_AGE_TAG (KIDS_POLICY_ID, REGION_ID, AGE_TAG_ID) VALUES (6, 16, 3);
INSERT INTO KIDS_POLICY_REGION_AGE_TAG (KIDS_POLICY_ID, REGION_ID, AGE_TAG_ID) VALUES (6, 16, 4);
INSERT INTO KIDS_POLICY_REGION_AGE_TAG (KIDS_POLICY_ID, REGION_ID, AGE_TAG_ID) VALUES (6, 17, 1);
INSERT INTO KIDS_POLICY_REGION_AGE_TAG (KIDS_POLICY_ID, REGION_ID, AGE_TAG_ID) VALUES (6, 17, 2);
INSERT INTO KIDS_POLICY_REGION_AGE_TAG (KIDS_POLICY_ID, REGION_ID, AGE_TAG_ID) VALUES (6, 17, 3);
INSERT INTO KIDS_POLICY_REGION_AGE_TAG (KIDS_POLICY_ID, REGION_ID, AGE_TAG_ID) VALUES (6, 17, 4);
INSERT INTO KIDS_POLICY_REGION_AGE_TAG (KIDS_POLICY_ID, REGION_ID, AGE_TAG_ID) VALUES (7, 26, 1);
INSERT INTO KIDS_POLICY_REGION_AGE_TAG (KIDS_POLICY_ID, REGION_ID, AGE_TAG_ID) VALUES (7, 26, 2);
INSERT INTO KIDS_POLICY_REGION_AGE_TAG (KIDS_POLICY_ID, REGION_ID, AGE_TAG_ID) VALUES (7, 26, 3);
INSERT INTO KIDS_POLICY_REGION_AGE_TAG (KIDS_POLICY_ID, REGION_ID, AGE_TAG_ID) VALUES (8, 20, 1);
INSERT INTO KIDS_POLICY_REGION_AGE_TAG (KIDS_POLICY_ID, REGION_ID, AGE_TAG_ID) VALUES (8, 20, 2);
INSERT INTO KIDS_POLICY_REGION_AGE_TAG (KIDS_POLICY_ID, REGION_ID, AGE_TAG_ID) VALUES (8, 20, 3);
INSERT INTO KIDS_POLICY_REGION_AGE_TAG (KIDS_POLICY_ID, REGION_ID, AGE_TAG_ID) VALUES (8, 22, 1);
INSERT INTO KIDS_POLICY_REGION_AGE_TAG (KIDS_POLICY_ID, REGION_ID, AGE_TAG_ID) VALUES (8, 22, 2);
INSERT INTO KIDS_POLICY_REGION_AGE_TAG (KIDS_POLICY_ID, REGION_ID, AGE_TAG_ID) VALUES (8, 22, 3);
INSERT INTO KIDS_POLICY_REGION_AGE_TAG (KIDS_POLICY_ID, REGION_ID, AGE_TAG_ID) VALUES (8, 15, 1);
INSERT INTO KIDS_POLICY_REGION_AGE_TAG (KIDS_POLICY_ID, REGION_ID, AGE_TAG_ID) VALUES (8, 15, 2);
INSERT INTO KIDS_POLICY_REGION_AGE_TAG (KIDS_POLICY_ID, REGION_ID, AGE_TAG_ID) VALUES (8, 15, 3);
INSERT INTO KIDS_POLICY_REGION_AGE_TAG (KIDS_POLICY_ID, REGION_ID, AGE_TAG_ID) VALUES (9, 4, 1);
INSERT INTO KIDS_POLICY_REGION_AGE_TAG (KIDS_POLICY_ID, REGION_ID, AGE_TAG_ID) VALUES (9, 4, 2);
INSERT INTO KIDS_POLICY_REGION_AGE_TAG (KIDS_POLICY_ID, REGION_ID, AGE_TAG_ID) VALUES (9, 4, 3);
INSERT INTO KIDS_POLICY_REGION_AGE_TAG (KIDS_POLICY_ID, REGION_ID, AGE_TAG_ID) VALUES (9, 5, 1);
INSERT INTO KIDS_POLICY_REGION_AGE_TAG (KIDS_POLICY_ID, REGION_ID, AGE_TAG_ID) VALUES (9, 5, 2);
INSERT INTO KIDS_POLICY_REGION_AGE_TAG (KIDS_POLICY_ID, REGION_ID, AGE_TAG_ID) VALUES (9, 5, 3);
INSERT INTO KIDS_POLICY_REGION_AGE_TAG (KIDS_POLICY_ID, REGION_ID, AGE_TAG_ID) VALUES (10, 9, 1);
INSERT INTO KIDS_POLICY_REGION_AGE_TAG (KIDS_POLICY_ID, REGION_ID, AGE_TAG_ID) VALUES (10, 9, 2);
INSERT INTO KIDS_POLICY_REGION_AGE_TAG (KIDS_POLICY_ID, REGION_ID, AGE_TAG_ID) VALUES (10, 10, 1);
INSERT INTO KIDS_POLICY_REGION_AGE_TAG (KIDS_POLICY_ID, REGION_ID, AGE_TAG_ID) VALUES (10, 10, 2);
INSERT INTO KIDS_POLICY_REGION_AGE_TAG (KIDS_POLICY_ID, REGION_ID, AGE_TAG_ID) VALUES (11, 6, 1);
INSERT INTO KIDS_POLICY_REGION_AGE_TAG (KIDS_POLICY_ID, REGION_ID, AGE_TAG_ID) VALUES (11, 6, 2);
INSERT INTO KIDS_POLICY_REGION_AGE_TAG (KIDS_POLICY_ID, REGION_ID, AGE_TAG_ID) VALUES (11, 6, 3);
INSERT INTO KIDS_POLICY_REGION_AGE_TAG (KIDS_POLICY_ID, REGION_ID, AGE_TAG_ID) VALUES (11, 7, 1);
INSERT INTO KIDS_POLICY_REGION_AGE_TAG (KIDS_POLICY_ID, REGION_ID, AGE_TAG_ID) VALUES (11, 7, 2);
INSERT INTO KIDS_POLICY_REGION_AGE_TAG (KIDS_POLICY_ID, REGION_ID, AGE_TAG_ID) VALUES (11, 7, 3);
INSERT INTO KIDS_POLICY_REGION_AGE_TAG (KIDS_POLICY_ID, REGION_ID, AGE_TAG_ID) VALUES (11, 8, 1);
INSERT INTO KIDS_POLICY_REGION_AGE_TAG (KIDS_POLICY_ID, REGION_ID, AGE_TAG_ID) VALUES (11, 8, 2);
INSERT INTO KIDS_POLICY_REGION_AGE_TAG (KIDS_POLICY_ID, REGION_ID, AGE_TAG_ID) VALUES (11, 8, 3);
INSERT INTO KIDS_POLICY_REGION_AGE_TAG (KIDS_POLICY_ID, REGION_ID, AGE_TAG_ID) VALUES (12, 26, 1);
INSERT INTO KIDS_POLICY_REGION_AGE_TAG (KIDS_POLICY_ID, REGION_ID, AGE_TAG_ID) VALUES (12, 26, 2);
INSERT INTO KIDS_POLICY_REGION_AGE_TAG (KIDS_POLICY_ID, REGION_ID, AGE_TAG_ID) VALUES (12, 26, 3);
INSERT INTO KIDS_POLICY_REGION_AGE_TAG (KIDS_POLICY_ID, REGION_ID, AGE_TAG_ID) VALUES (13, 26, 1);
INSERT INTO KIDS_POLICY_REGION_AGE_TAG (KIDS_POLICY_ID, REGION_ID, AGE_TAG_ID) VALUES (13, 26, 2);
INSERT INTO KIDS_POLICY_REGION_AGE_TAG (KIDS_POLICY_ID, REGION_ID, AGE_TAG_ID) VALUES (13, 26, 3);
INSERT INTO KIDS_POLICY_REGION_AGE_TAG (KIDS_POLICY_ID, REGION_ID, AGE_TAG_ID) VALUES (14, 11, 1);
INSERT INTO KIDS_POLICY_REGION_AGE_TAG (KIDS_POLICY_ID, REGION_ID, AGE_TAG_ID) VALUES (15, 26, 1);
INSERT INTO KIDS_POLICY_REGION_AGE_TAG (KIDS_POLICY_ID, REGION_ID, AGE_TAG_ID) VALUES (15, 26, 2);
INSERT INTO KIDS_POLICY_REGION_AGE_TAG (KIDS_POLICY_ID, REGION_ID, AGE_TAG_ID) VALUES (16, 12, 1);
INSERT INTO KIDS_POLICY_REGION_AGE_TAG (KIDS_POLICY_ID, REGION_ID, AGE_TAG_ID) VALUES (16, 12, 2);
INSERT INTO KIDS_POLICY_REGION_AGE_TAG (KIDS_POLICY_ID, REGION_ID, AGE_TAG_ID) VALUES (16, 12, 3);
INSERT INTO KIDS_POLICY_REGION_AGE_TAG (KIDS_POLICY_ID, REGION_ID, AGE_TAG_ID) VALUES (17, 14, 1);
INSERT INTO KIDS_POLICY_REGION_AGE_TAG (KIDS_POLICY_ID, REGION_ID, AGE_TAG_ID) VALUES (17, 14, 2);
INSERT INTO KIDS_POLICY_REGION_AGE_TAG (KIDS_POLICY_ID, REGION_ID, AGE_TAG_ID) VALUES (17, 14, 3);
INSERT INTO KIDS_POLICY_REGION_AGE_TAG (KIDS_POLICY_ID, REGION_ID, AGE_TAG_ID) VALUES (17, 19, 1);
INSERT INTO KIDS_POLICY_REGION_AGE_TAG (KIDS_POLICY_ID, REGION_ID, AGE_TAG_ID) VALUES (17, 19, 2);
INSERT INTO KIDS_POLICY_REGION_AGE_TAG (KIDS_POLICY_ID, REGION_ID, AGE_TAG_ID) VALUES (17, 19, 3);
INSERT INTO KIDS_POLICY_REGION_AGE_TAG (KIDS_POLICY_ID, REGION_ID, AGE_TAG_ID) VALUES (18, 22, 1);
INSERT INTO KIDS_POLICY_REGION_AGE_TAG (KIDS_POLICY_ID, REGION_ID, AGE_TAG_ID) VALUES (18, 22, 2);
INSERT INTO KIDS_POLICY_REGION_AGE_TAG (KIDS_POLICY_ID, REGION_ID, AGE_TAG_ID) VALUES (18, 22, 3);
INSERT INTO KIDS_POLICY_REGION_AGE_TAG (KIDS_POLICY_ID, REGION_ID, AGE_TAG_ID) VALUES (18, 22, 4);
INSERT INTO KIDS_POLICY_REGION_AGE_TAG (KIDS_POLICY_ID, REGION_ID, AGE_TAG_ID) VALUES (18, 25, 1);
INSERT INTO KIDS_POLICY_REGION_AGE_TAG (KIDS_POLICY_ID, REGION_ID, AGE_TAG_ID) VALUES (18, 25, 2);
INSERT INTO KIDS_POLICY_REGION_AGE_TAG (KIDS_POLICY_ID, REGION_ID, AGE_TAG_ID) VALUES (18, 25, 3);
INSERT INTO KIDS_POLICY_REGION_AGE_TAG (KIDS_POLICY_ID, REGION_ID, AGE_TAG_ID) VALUES (18, 25, 4);
INSERT INTO KIDS_POLICY_REGION_AGE_TAG (KIDS_POLICY_ID, REGION_ID, AGE_TAG_ID) VALUES (19, 26, 1);
INSERT INTO KIDS_POLICY_REGION_AGE_TAG (KIDS_POLICY_ID, REGION_ID, AGE_TAG_ID) VALUES (19, 26, 2);
INSERT INTO KIDS_POLICY_REGION_AGE_TAG (KIDS_POLICY_ID, REGION_ID, AGE_TAG_ID) VALUES (19, 26, 3);
INSERT INTO KIDS_POLICY_REGION_AGE_TAG (KIDS_POLICY_ID, REGION_ID, AGE_TAG_ID) VALUES (19, 26, 4);
INSERT INTO KIDS_POLICY_REGION_AGE_TAG (KIDS_POLICY_ID, REGION_ID, AGE_TAG_ID) VALUES (20, 26, 3);
INSERT INTO KIDS_POLICY_REGION_AGE_TAG (KIDS_POLICY_ID, REGION_ID, AGE_TAG_ID) VALUES (20, 26, 4);
INSERT INTO KIDS_POLICY_REGION_AGE_TAG (KIDS_POLICY_ID, REGION_ID, AGE_TAG_ID) VALUES (21, 26, 3);
INSERT INTO KIDS_POLICY_REGION_AGE_TAG (KIDS_POLICY_ID, REGION_ID, AGE_TAG_ID) VALUES (21, 26, 4);
INSERT INTO KIDS_POLICY_REGION_AGE_TAG (KIDS_POLICY_ID, REGION_ID, AGE_TAG_ID) VALUES (22, 26, 1);
INSERT INTO KIDS_POLICY_REGION_AGE_TAG (KIDS_POLICY_ID, REGION_ID, AGE_TAG_ID) VALUES (22, 26, 2);
INSERT INTO KIDS_POLICY_REGION_AGE_TAG (KIDS_POLICY_ID, REGION_ID, AGE_TAG_ID) VALUES (22, 26, 3);
INSERT INTO KIDS_POLICY_REGION_AGE_TAG (KIDS_POLICY_ID, REGION_ID, AGE_TAG_ID) VALUES (22, 26, 4);
INSERT INTO KIDS_POLICY_REGION_AGE_TAG (KIDS_POLICY_ID, REGION_ID, AGE_TAG_ID) VALUES (23, 26, 3);
INSERT INTO KIDS_POLICY_REGION_AGE_TAG (KIDS_POLICY_ID, REGION_ID, AGE_TAG_ID) VALUES (23, 26, 4);
INSERT INTO KIDS_POLICY_REGION_AGE_TAG (KIDS_POLICY_ID, REGION_ID, AGE_TAG_ID) VALUES (24, 26, 3);
INSERT INTO KIDS_POLICY_REGION_AGE_TAG (KIDS_POLICY_ID, REGION_ID, AGE_TAG_ID) VALUES (24, 26, 4);
INSERT INTO KIDS_POLICY_REGION_AGE_TAG (KIDS_POLICY_ID, REGION_ID, AGE_TAG_ID) VALUES (25, 26, 1);
INSERT INTO KIDS_POLICY_REGION_AGE_TAG (KIDS_POLICY_ID, REGION_ID, AGE_TAG_ID) VALUES (26, 26, 1);
INSERT INTO KIDS_POLICY_REGION_AGE_TAG (KIDS_POLICY_ID, REGION_ID, AGE_TAG_ID) VALUES (26, 26, 2);
INSERT INTO KIDS_POLICY_REGION_AGE_TAG (KIDS_POLICY_ID, REGION_ID, AGE_TAG_ID) VALUES (26, 26, 3);
INSERT INTO KIDS_POLICY_REGION_AGE_TAG (KIDS_POLICY_ID, REGION_ID, AGE_TAG_ID) VALUES (27, 26, 1);
INSERT INTO KIDS_POLICY_REGION_AGE_TAG (KIDS_POLICY_ID, REGION_ID, AGE_TAG_ID) VALUES (27, 26, 2);
INSERT INTO KIDS_POLICY_REGION_AGE_TAG (KIDS_POLICY_ID, REGION_ID, AGE_TAG_ID) VALUES (28, 26, 3);
INSERT INTO KIDS_POLICY_REGION_AGE_TAG (KIDS_POLICY_ID, REGION_ID, AGE_TAG_ID) VALUES (28, 26, 4);
INSERT INTO KIDS_POLICY_REGION_AGE_TAG (KIDS_POLICY_ID, REGION_ID, AGE_TAG_ID) VALUES (29, 26, 1);
INSERT INTO KIDS_POLICY_REGION_AGE_TAG (KIDS_POLICY_ID, REGION_ID, AGE_TAG_ID) VALUES (29, 26, 2);
INSERT INTO KIDS_POLICY_REGION_AGE_TAG (KIDS_POLICY_ID, REGION_ID, AGE_TAG_ID) VALUES (30, 26, 1);
INSERT INTO KIDS_POLICY_REGION_AGE_TAG (KIDS_POLICY_ID, REGION_ID, AGE_TAG_ID) VALUES (30, 26, 2);
INSERT INTO KIDS_POLICY_REGION_AGE_TAG (KIDS_POLICY_ID, REGION_ID, AGE_TAG_ID) VALUES (30, 26, 3);
INSERT INTO KIDS_POLICY_REGION_AGE_TAG (KIDS_POLICY_ID, REGION_ID, AGE_TAG_ID) VALUES (30, 26, 4);
INSERT INTO KIDS_POLICY_REGION_AGE_TAG (KIDS_POLICY_ID, REGION_ID, AGE_TAG_ID) VALUES (31, 26, 1);
INSERT INTO KIDS_POLICY_REGION_AGE_TAG (KIDS_POLICY_ID, REGION_ID, AGE_TAG_ID) VALUES (31, 26, 2);
INSERT INTO KIDS_POLICY_REGION_AGE_TAG (KIDS_POLICY_ID, REGION_ID, AGE_TAG_ID) VALUES (31, 26, 3);
INSERT INTO KIDS_POLICY_REGION_AGE_TAG (KIDS_POLICY_ID, REGION_ID, AGE_TAG_ID) VALUES (31, 26, 4);
INSERT INTO KIDS_POLICY_REGION_AGE_TAG (KIDS_POLICY_ID, REGION_ID, AGE_TAG_ID) VALUES (32, 26, 1);
INSERT INTO KIDS_POLICY_REGION_AGE_TAG (KIDS_POLICY_ID, REGION_ID, AGE_TAG_ID) VALUES (33, 26, 1);
INSERT INTO KIDS_POLICY_REGION_AGE_TAG (KIDS_POLICY_ID, REGION_ID, AGE_TAG_ID) VALUES (33, 26, 2);
INSERT INTO KIDS_POLICY_REGION_AGE_TAG (KIDS_POLICY_ID, REGION_ID, AGE_TAG_ID) VALUES (33, 26, 3);
INSERT INTO KIDS_POLICY_REGION_AGE_TAG (KIDS_POLICY_ID, REGION_ID, AGE_TAG_ID) VALUES (33, 26, 4);
INSERT INTO KIDS_POLICY_REGION_AGE_TAG (KIDS_POLICY_ID, REGION_ID, AGE_TAG_ID) VALUES (34, 26, 1);
INSERT INTO KIDS_POLICY_REGION_AGE_TAG (KIDS_POLICY_ID, REGION_ID, AGE_TAG_ID) VALUES (34, 26, 2);
INSERT INTO KIDS_POLICY_REGION_AGE_TAG (KIDS_POLICY_ID, REGION_ID, AGE_TAG_ID) VALUES (34, 26, 3);
INSERT INTO KIDS_POLICY_REGION_AGE_TAG (KIDS_POLICY_ID, REGION_ID, AGE_TAG_ID) VALUES (34, 26, 4);
INSERT INTO KIDS_POLICY_REGION_AGE_TAG (KIDS_POLICY_ID, REGION_ID, AGE_TAG_ID) VALUES (35, 26, 1);
INSERT INTO KIDS_POLICY_REGION_AGE_TAG (KIDS_POLICY_ID, REGION_ID, AGE_TAG_ID) VALUES (35, 26, 2);
INSERT INTO KIDS_POLICY_REGION_AGE_TAG (KIDS_POLICY_ID, REGION_ID, AGE_TAG_ID) VALUES (36, 26, 1);
INSERT INTO KIDS_POLICY_REGION_AGE_TAG (KIDS_POLICY_ID, REGION_ID, AGE_TAG_ID) VALUES (36, 26, 2);
INSERT INTO KIDS_POLICY_REGION_AGE_TAG (KIDS_POLICY_ID, REGION_ID, AGE_TAG_ID) VALUES (37, 26, 1);
INSERT INTO KIDS_POLICY_REGION_AGE_TAG (KIDS_POLICY_ID, REGION_ID, AGE_TAG_ID) VALUES (37, 26, 2);
INSERT INTO KIDS_POLICY_REGION_AGE_TAG (KIDS_POLICY_ID, REGION_ID, AGE_TAG_ID) VALUES (37, 26, 3);
INSERT INTO KIDS_POLICY_REGION_AGE_TAG (KIDS_POLICY_ID, REGION_ID, AGE_TAG_ID) VALUES (37, 26, 4);
INSERT INTO KIDS_POLICY_REGION_AGE_TAG (KIDS_POLICY_ID, REGION_ID, AGE_TAG_ID) VALUES (38, 26, 1);
INSERT INTO KIDS_POLICY_REGION_AGE_TAG (KIDS_POLICY_ID, REGION_ID, AGE_TAG_ID) VALUES (38, 26, 2);
INSERT INTO KIDS_POLICY_REGION_AGE_TAG (KIDS_POLICY_ID, REGION_ID, AGE_TAG_ID) VALUES (38, 26, 3);
INSERT INTO KIDS_POLICY_REGION_AGE_TAG (KIDS_POLICY_ID, REGION_ID, AGE_TAG_ID) VALUES (38, 26, 4);
INSERT INTO KIDS_POLICY_REGION_AGE_TAG (KIDS_POLICY_ID, REGION_ID, AGE_TAG_ID) VALUES (39, 26, 1);
INSERT INTO KIDS_POLICY_REGION_AGE_TAG (KIDS_POLICY_ID, REGION_ID, AGE_TAG_ID) VALUES (39, 26, 2);
INSERT INTO KIDS_POLICY_REGION_AGE_TAG (KIDS_POLICY_ID, REGION_ID, AGE_TAG_ID) VALUES (39, 26, 3);
INSERT INTO KIDS_POLICY_REGION_AGE_TAG (KIDS_POLICY_ID, REGION_ID, AGE_TAG_ID) VALUES (39, 26, 4);
INSERT INTO KIDS_POLICY_REGION_AGE_TAG (KIDS_POLICY_ID, REGION_ID, AGE_TAG_ID) VALUES (40, 26, 1);
INSERT INTO KIDS_POLICY_REGION_AGE_TAG (KIDS_POLICY_ID, REGION_ID, AGE_TAG_ID) VALUES (40, 26, 2);
INSERT INTO KIDS_POLICY_REGION_AGE_TAG (KIDS_POLICY_ID, REGION_ID, AGE_TAG_ID) VALUES (40, 26, 3);
INSERT INTO KIDS_POLICY_REGION_AGE_TAG (KIDS_POLICY_ID, REGION_ID, AGE_TAG_ID) VALUES (41, 26, 1);
INSERT INTO KIDS_POLICY_REGION_AGE_TAG (KIDS_POLICY_ID, REGION_ID, AGE_TAG_ID) VALUES (42, 26, 1);
INSERT INTO KIDS_POLICY_REGION_AGE_TAG (KIDS_POLICY_ID, REGION_ID, AGE_TAG_ID) VALUES (43, 26, 1);
INSERT INTO KIDS_POLICY_REGION_AGE_TAG (KIDS_POLICY_ID, REGION_ID, AGE_TAG_ID) VALUES (43, 26, 2);
INSERT INTO KIDS_POLICY_REGION_AGE_TAG (KIDS_POLICY_ID, REGION_ID, AGE_TAG_ID) VALUES (44, 26, 1);
INSERT INTO KIDS_POLICY_REGION_AGE_TAG (KIDS_POLICY_ID, REGION_ID, AGE_TAG_ID) VALUES (44, 26, 2);
INSERT INTO KIDS_POLICY_REGION_AGE_TAG (KIDS_POLICY_ID, REGION_ID, AGE_TAG_ID) VALUES (44, 26, 3);
INSERT INTO KIDS_POLICY_REGION_AGE_TAG (KIDS_POLICY_ID, REGION_ID, AGE_TAG_ID) VALUES (45, 26, 1);
INSERT INTO KIDS_POLICY_REGION_AGE_TAG (KIDS_POLICY_ID, REGION_ID, AGE_TAG_ID) VALUES (46, 26, 1);
INSERT INTO KIDS_POLICY_REGION_AGE_TAG (KIDS_POLICY_ID, REGION_ID, AGE_TAG_ID) VALUES (47, 26, 1);


INSERT INTO PLACE_MAINCATE (PLACE_MAINCATE_ID, PLACE_MAINCATE_NAME) VALUES (1, '놀기');
INSERT INTO PLACE_MAINCATE (PLACE_MAINCATE_ID, PLACE_MAINCATE_NAME) VALUES (2, '먹기');
INSERT INTO PLACE_MAINCATE (PLACE_MAINCATE_ID, PLACE_MAINCATE_NAME) VALUES (3, '배우기');


INSERT INTO PLACE_SUBCATE (PLACE_SUBCATE_ID, PLACE_SUBCATE_NAME, PLACE_MAINCATE_ID) VALUES (1, '공공형/서울형 키즈카페', 1);
INSERT INTO PLACE_SUBCATE (PLACE_SUBCATE_ID, PLACE_SUBCATE_NAME, PLACE_MAINCATE_ID) VALUES (2, '민간 키즈카페', 1);
INSERT INTO PLACE_SUBCATE (PLACE_SUBCATE_ID, PLACE_SUBCATE_NAME, PLACE_MAINCATE_ID) VALUES (3, '숲체험', 1);
INSERT INTO PLACE_SUBCATE (PLACE_SUBCATE_ID, PLACE_SUBCATE_NAME, PLACE_MAINCATE_ID) VALUES (4, '오락실', 1);
INSERT INTO PLACE_SUBCATE (PLACE_SUBCATE_ID, PLACE_SUBCATE_NAME, PLACE_MAINCATE_ID) VALUES (5, '아시아푸드', 2);
INSERT INTO PLACE_SUBCATE (PLACE_SUBCATE_ID, PLACE_SUBCATE_NAME, PLACE_MAINCATE_ID) VALUES (6, '양식', 2);
INSERT INTO PLACE_SUBCATE (PLACE_SUBCATE_ID, PLACE_SUBCATE_NAME, PLACE_MAINCATE_ID) VALUES (7, '일식', 2);
INSERT INTO PLACE_SUBCATE (PLACE_SUBCATE_ID, PLACE_SUBCATE_NAME, PLACE_MAINCATE_ID) VALUES (8, '제과', 2);
INSERT INTO PLACE_SUBCATE (PLACE_SUBCATE_ID, PLACE_SUBCATE_NAME, PLACE_MAINCATE_ID) VALUES (9, '중식', 2);
INSERT INTO PLACE_SUBCATE (PLACE_SUBCATE_ID, PLACE_SUBCATE_NAME, PLACE_MAINCATE_ID) VALUES (10, '카페', 2);
INSERT INTO PLACE_SUBCATE (PLACE_SUBCATE_ID, PLACE_SUBCATE_NAME, PLACE_MAINCATE_ID) VALUES (11, '패스트푸드', 2);
INSERT INTO PLACE_SUBCATE (PLACE_SUBCATE_ID, PLACE_SUBCATE_NAME, PLACE_MAINCATE_ID) VALUES (12, '한식', 2);
INSERT INTO PLACE_SUBCATE (PLACE_SUBCATE_ID, PLACE_SUBCATE_NAME, PLACE_MAINCATE_ID) VALUES (13, '공연장/문화예술회관', 3);
INSERT INTO PLACE_SUBCATE (PLACE_SUBCATE_ID, PLACE_SUBCATE_NAME, PLACE_MAINCATE_ID) VALUES (14, '기념관', 3);
INSERT INTO PLACE_SUBCATE (PLACE_SUBCATE_ID, PLACE_SUBCATE_NAME, PLACE_MAINCATE_ID) VALUES (15, '도서관', 3);
INSERT INTO PLACE_SUBCATE (PLACE_SUBCATE_ID, PLACE_SUBCATE_NAME, PLACE_MAINCATE_ID) VALUES (16, '문화원', 3);
INSERT INTO PLACE_SUBCATE (PLACE_SUBCATE_ID, PLACE_SUBCATE_NAME, PLACE_MAINCATE_ID) VALUES (17, '미술관', 3);
INSERT INTO PLACE_SUBCATE (PLACE_SUBCATE_ID, PLACE_SUBCATE_NAME, PLACE_MAINCATE_ID) VALUES (18, '박물관', 3);


INSERT INTO KEYWORD (KEYWORD_ID, KEYWORD_NAME) VALUES (1, '축제');
INSERT INTO KEYWORD (KEYWORD_ID, KEYWORD_NAME) VALUES (2, '예술');
INSERT INTO KEYWORD (KEYWORD_ID, KEYWORD_NAME) VALUES (3, '취미생활');
INSERT INTO KEYWORD (KEYWORD_ID, KEYWORD_NAME) VALUES (4, '오락시설');
INSERT INTO KEYWORD (KEYWORD_ID, KEYWORD_NAME) VALUES (5, '공연장');
INSERT INTO KEYWORD (KEYWORD_ID, KEYWORD_NAME) VALUES (6, '밀가루');
INSERT INTO KEYWORD (KEYWORD_ID, KEYWORD_NAME) VALUES (7, '상담');
INSERT INTO KEYWORD (KEYWORD_ID, KEYWORD_NAME) VALUES (8, '게임');
INSERT INTO KEYWORD (KEYWORD_ID, KEYWORD_NAME) VALUES (9, '자장면');
INSERT INTO KEYWORD (KEYWORD_ID, KEYWORD_NAME) VALUES (10, '놀이시설');
INSERT INTO KEYWORD (KEYWORD_ID, KEYWORD_NAME) VALUES (11, '인형뽑기');
INSERT INTO KEYWORD (KEYWORD_ID, KEYWORD_NAME) VALUES (12, '강좌');
INSERT INTO KEYWORD (KEYWORD_ID, KEYWORD_NAME) VALUES (13, '넓은 공간');
INSERT INTO KEYWORD (KEYWORD_ID, KEYWORD_NAME) VALUES (14, '쉼터');
INSERT INTO KEYWORD (KEYWORD_ID, KEYWORD_NAME) VALUES (15, '문화');
INSERT INTO KEYWORD (KEYWORD_ID, KEYWORD_NAME) VALUES (16, '튀김');
INSERT INTO KEYWORD (KEYWORD_ID, KEYWORD_NAME) VALUES (17, '문화생활');
INSERT INTO KEYWORD (KEYWORD_ID, KEYWORD_NAME) VALUES (18, '짬봉');
INSERT INTO KEYWORD (KEYWORD_ID, KEYWORD_NAME) VALUES (19, '문화예술');
INSERT INTO KEYWORD (KEYWORD_ID, KEYWORD_NAME) VALUES (20, '즐거운');
INSERT INTO KEYWORD (KEYWORD_ID, KEYWORD_NAME) VALUES (21, '예약');
INSERT INTO KEYWORD (KEYWORD_ID, KEYWORD_NAME) VALUES (22, '향신료가 가득한');
INSERT INTO KEYWORD (KEYWORD_ID, KEYWORD_NAME) VALUES (23, '동남아');
INSERT INTO KEYWORD (KEYWORD_ID, KEYWORD_NAME) VALUES (24, '교양');
INSERT INTO KEYWORD (KEYWORD_ID, KEYWORD_NAME) VALUES (25, '식당');
INSERT INTO KEYWORD (KEYWORD_ID, KEYWORD_NAME) VALUES (26, '책');
INSERT INTO KEYWORD (KEYWORD_ID, KEYWORD_NAME) VALUES (27, '유익한');
INSERT INTO KEYWORD (KEYWORD_ID, KEYWORD_NAME) VALUES (28, '한적한');
INSERT INTO KEYWORD (KEYWORD_ID, KEYWORD_NAME) VALUES (29, '미술');
INSERT INTO KEYWORD (KEYWORD_ID, KEYWORD_NAME) VALUES (30, '독서 이벤트');
INSERT INTO KEYWORD (KEYWORD_ID, KEYWORD_NAME) VALUES (31, '배달');
INSERT INTO KEYWORD (KEYWORD_ID, KEYWORD_NAME) VALUES (32, '총');
INSERT INTO KEYWORD (KEYWORD_ID, KEYWORD_NAME) VALUES (33, '동물');
INSERT INTO KEYWORD (KEYWORD_ID, KEYWORD_NAME) VALUES (34, '재밌는');
INSERT INTO KEYWORD (KEYWORD_ID, KEYWORD_NAME) VALUES (35, '중화요리');
INSERT INTO KEYWORD (KEYWORD_ID, KEYWORD_NAME) VALUES (36, '채집');
INSERT INTO KEYWORD (KEYWORD_ID, KEYWORD_NAME) VALUES (37, '메뉴');
INSERT INTO KEYWORD (KEYWORD_ID, KEYWORD_NAME) VALUES (38, '전통적인');
INSERT INTO KEYWORD (KEYWORD_ID, KEYWORD_NAME) VALUES (39, '지식');
INSERT INTO KEYWORD (KEYWORD_ID, KEYWORD_NAME) VALUES (40, '레이싱');
INSERT INTO KEYWORD (KEYWORD_ID, KEYWORD_NAME) VALUES (41, '쾌적한');
INSERT INTO KEYWORD (KEYWORD_ID, KEYWORD_NAME) VALUES (42, '문화예술회관');
INSERT INTO KEYWORD (KEYWORD_ID, KEYWORD_NAME) VALUES (43, '관람');
INSERT INTO KEYWORD (KEYWORD_ID, KEYWORD_NAME) VALUES (44, '전통');
INSERT INTO KEYWORD (KEYWORD_ID, KEYWORD_NAME) VALUES (45, '강의');
INSERT INTO KEYWORD (KEYWORD_ID, KEYWORD_NAME) VALUES (46, '어린이자료실');
INSERT INTO KEYWORD (KEYWORD_ID, KEYWORD_NAME) VALUES (47, '문화시설');
INSERT INTO KEYWORD (KEYWORD_ID, KEYWORD_NAME) VALUES (48, '제빵');
INSERT INTO KEYWORD (KEYWORD_ID, KEYWORD_NAME) VALUES (49, '프로그램');
INSERT INTO KEYWORD (KEYWORD_ID, KEYWORD_NAME) VALUES (50, '주차장');
INSERT INTO KEYWORD (KEYWORD_ID, KEYWORD_NAME) VALUES (51, '강사님');
INSERT INTO KEYWORD (KEYWORD_ID, KEYWORD_NAME) VALUES (52, '놀이');
INSERT INTO KEYWORD (KEYWORD_ID, KEYWORD_NAME) VALUES (53, '꽃');
INSERT INTO KEYWORD (KEYWORD_ID, KEYWORD_NAME) VALUES (54, '음식점');
INSERT INTO KEYWORD (KEYWORD_ID, KEYWORD_NAME) VALUES (55, '시대');
INSERT INTO KEYWORD (KEYWORD_ID, KEYWORD_NAME) VALUES (56, '배움');
INSERT INTO KEYWORD (KEYWORD_ID, KEYWORD_NAME) VALUES (57, '그림책');
INSERT INTO KEYWORD (KEYWORD_ID, KEYWORD_NAME) VALUES (58, '식사');
INSERT INTO KEYWORD (KEYWORD_ID, KEYWORD_NAME) VALUES (59, '공공기관');
INSERT INTO KEYWORD (KEYWORD_ID, KEYWORD_NAME) VALUES (60, '문화 프로그램');
INSERT INTO KEYWORD (KEYWORD_ID, KEYWORD_NAME) VALUES (61, '빠른 조리');
INSERT INTO KEYWORD (KEYWORD_ID, KEYWORD_NAME) VALUES (62, '과거');
INSERT INTO KEYWORD (KEYWORD_ID, KEYWORD_NAME) VALUES (63, '놀이터');
INSERT INTO KEYWORD (KEYWORD_ID, KEYWORD_NAME) VALUES (64, '맛있는');
INSERT INTO KEYWORD (KEYWORD_ID, KEYWORD_NAME) VALUES (65, '신선한 재료');
INSERT INTO KEYWORD (KEYWORD_ID, KEYWORD_NAME) VALUES (66, '넓은');
INSERT INTO KEYWORD (KEYWORD_ID, KEYWORD_NAME) VALUES (67, '좁은');
INSERT INTO KEYWORD (KEYWORD_ID, KEYWORD_NAME) VALUES (68, '저렴함');
INSERT INTO KEYWORD (KEYWORD_ID, KEYWORD_NAME) VALUES (69, '체험');
INSERT INTO KEYWORD (KEYWORD_ID, KEYWORD_NAME) VALUES (70, '동화책');
INSERT INTO KEYWORD (KEYWORD_ID, KEYWORD_NAME) VALUES (71, '주스');
INSERT INTO KEYWORD (KEYWORD_ID, KEYWORD_NAME) VALUES (72, '체험학습');
INSERT INTO KEYWORD (KEYWORD_ID, KEYWORD_NAME) VALUES (73, '복합시설');
INSERT INTO KEYWORD (KEYWORD_ID, KEYWORD_NAME) VALUES (74, '베트남');
INSERT INTO KEYWORD (KEYWORD_ID, KEYWORD_NAME) VALUES (75, '빵집');
INSERT INTO KEYWORD (KEYWORD_ID, KEYWORD_NAME) VALUES (76, '인형');
INSERT INTO KEYWORD (KEYWORD_ID, KEYWORD_NAME) VALUES (77, '수강');
INSERT INTO KEYWORD (KEYWORD_ID, KEYWORD_NAME) VALUES (78, '푸드');
INSERT INTO KEYWORD (KEYWORD_ID, KEYWORD_NAME) VALUES (79, '교실');
INSERT INTO KEYWORD (KEYWORD_ID, KEYWORD_NAME) VALUES (80, '독서 프로그램');
INSERT INTO KEYWORD (KEYWORD_ID, KEYWORD_NAME) VALUES (81, '테마');
INSERT INTO KEYWORD (KEYWORD_ID, KEYWORD_NAME) VALUES (82, '활동적인');
INSERT INTO KEYWORD (KEYWORD_ID, KEYWORD_NAME) VALUES (83, '나무');
INSERT INTO KEYWORD (KEYWORD_ID, KEYWORD_NAME) VALUES (84, '전시관');
INSERT INTO KEYWORD (KEYWORD_ID, KEYWORD_NAME) VALUES (85, '풍미가 있는');
INSERT INTO KEYWORD (KEYWORD_ID, KEYWORD_NAME) VALUES (86, '태국');
INSERT INTO KEYWORD (KEYWORD_ID, KEYWORD_NAME) VALUES (87, '모임하기 좋은');
INSERT INTO KEYWORD (KEYWORD_ID, KEYWORD_NAME) VALUES (88, '문화센터');
INSERT INTO KEYWORD (KEYWORD_ID, KEYWORD_NAME) VALUES (89, '공연');
INSERT INTO KEYWORD (KEYWORD_ID, KEYWORD_NAME) VALUES (90, '굿즈');
INSERT INTO KEYWORD (KEYWORD_ID, KEYWORD_NAME) VALUES (91, '도넛. 제과');
INSERT INTO KEYWORD (KEYWORD_ID, KEYWORD_NAME) VALUES (92, '볼거리');
INSERT INTO KEYWORD (KEYWORD_ID, KEYWORD_NAME) VALUES (93, '관리');
INSERT INTO KEYWORD (KEYWORD_ID, KEYWORD_NAME) VALUES (94, '커피');
INSERT INTO KEYWORD (KEYWORD_ID, KEYWORD_NAME) VALUES (95, '키즈카페');
INSERT INTO KEYWORD (KEYWORD_ID, KEYWORD_NAME) VALUES (96, '식물');
INSERT INTO KEYWORD (KEYWORD_ID, KEYWORD_NAME) VALUES (97, '예술회관');
INSERT INTO KEYWORD (KEYWORD_ID, KEYWORD_NAME) VALUES (98, '공공형');
INSERT INTO KEYWORD (KEYWORD_ID, KEYWORD_NAME) VALUES (99, '역사');
INSERT INTO KEYWORD (KEYWORD_ID, KEYWORD_NAME) VALUES (100, '그림');
INSERT INTO KEYWORD (KEYWORD_ID, KEYWORD_NAME) VALUES (101, '다양한 활동');
INSERT INTO KEYWORD (KEYWORD_ID, KEYWORD_NAME) VALUES (102, '실내놀이터');
INSERT INTO KEYWORD (KEYWORD_ID, KEYWORD_NAME) VALUES (103, '고급스러운');
INSERT INTO KEYWORD (KEYWORD_ID, KEYWORD_NAME) VALUES (104, '기름진');
INSERT INTO KEYWORD (KEYWORD_ID, KEYWORD_NAME) VALUES (105, '기념 행사');
INSERT INTO KEYWORD (KEYWORD_ID, KEYWORD_NAME) VALUES (106, '공공시설');
INSERT INTO KEYWORD (KEYWORD_ID, KEYWORD_NAME) VALUES (107, '중국집');
INSERT INTO KEYWORD (KEYWORD_ID, KEYWORD_NAME) VALUES (108, '시원한');
INSERT INTO KEYWORD (KEYWORD_ID, KEYWORD_NAME) VALUES (109, '분위기 좋은');
INSERT INTO KEYWORD (KEYWORD_ID, KEYWORD_NAME) VALUES (110, '정커푸드');
INSERT INTO KEYWORD (KEYWORD_ID, KEYWORD_NAME) VALUES (111, '아이와 함께');
INSERT INTO KEYWORD (KEYWORD_ID, KEYWORD_NAME) VALUES (112, '유아용 책');
INSERT INTO KEYWORD (KEYWORD_ID, KEYWORD_NAME) VALUES (113, '행사');
INSERT INTO KEYWORD (KEYWORD_ID, KEYWORD_NAME) VALUES (114, '영어원서');
INSERT INTO KEYWORD (KEYWORD_ID, KEYWORD_NAME) VALUES (115, '수업');
INSERT INTO KEYWORD (KEYWORD_ID, KEYWORD_NAME) VALUES (116, '쌀국수');
INSERT INTO KEYWORD (KEYWORD_ID, KEYWORD_NAME) VALUES (117, '산책');
INSERT INTO KEYWORD (KEYWORD_ID, KEYWORD_NAME) VALUES (118, '자동차');
INSERT INTO KEYWORD (KEYWORD_ID, KEYWORD_NAME) VALUES (119, '빠른조리');
INSERT INTO KEYWORD (KEYWORD_ID, KEYWORD_NAME) VALUES (120, '유모차 출입');
INSERT INTO KEYWORD (KEYWORD_ID, KEYWORD_NAME) VALUES (121, '다문화');
INSERT INTO KEYWORD (KEYWORD_ID, KEYWORD_NAME) VALUES (122, '극장');
INSERT INTO KEYWORD (KEYWORD_ID, KEYWORD_NAME) VALUES (123, '밥');
INSERT INTO KEYWORD (KEYWORD_ID, KEYWORD_NAME) VALUES (124, '경양식');
INSERT INTO KEYWORD (KEYWORD_ID, KEYWORD_NAME) VALUES (125, '한정식');
INSERT INTO KEYWORD (KEYWORD_ID, KEYWORD_NAME) VALUES (126, '조용한');
INSERT INTO KEYWORD (KEYWORD_ID, KEYWORD_NAME) VALUES (127, '에이드');
INSERT INTO KEYWORD (KEYWORD_ID, KEYWORD_NAME) VALUES (128, '창의력');
INSERT INTO KEYWORD (KEYWORD_ID, KEYWORD_NAME) VALUES (129, '바삭한');
INSERT INTO KEYWORD (KEYWORD_ID, KEYWORD_NAME) VALUES (130, '독서');
INSERT INTO KEYWORD (KEYWORD_ID, KEYWORD_NAME) VALUES (131, '서적');
INSERT INTO KEYWORD (KEYWORD_ID, KEYWORD_NAME) VALUES (132, '어린이 열람실');
INSERT INTO KEYWORD (KEYWORD_ID, KEYWORD_NAME) VALUES (133, '아시아');
INSERT INTO KEYWORD (KEYWORD_ID, KEYWORD_NAME) VALUES (134, '자연');
INSERT INTO KEYWORD (KEYWORD_ID, KEYWORD_NAME) VALUES (135, '깨끗한');
INSERT INTO KEYWORD (KEYWORD_ID, KEYWORD_NAME) VALUES (136, '갤러리');
INSERT INTO KEYWORD (KEYWORD_ID, KEYWORD_NAME) VALUES (137, '클래식');
INSERT INTO KEYWORD (KEYWORD_ID, KEYWORD_NAME) VALUES (138, '케이크');
INSERT INTO KEYWORD (KEYWORD_ID, KEYWORD_NAME) VALUES (139, '숲');
INSERT INTO KEYWORD (KEYWORD_ID, KEYWORD_NAME) VALUES (140, '작가');
INSERT INTO KEYWORD (KEYWORD_ID, KEYWORD_NAME) VALUES (141, '기록');
INSERT INTO KEYWORD (KEYWORD_ID, KEYWORD_NAME) VALUES (142, '곤충');
INSERT INTO KEYWORD (KEYWORD_ID, KEYWORD_NAME) VALUES (143, '전시');
INSERT INTO KEYWORD (KEYWORD_ID, KEYWORD_NAME) VALUES (144, '체험활동');
INSERT INTO KEYWORD (KEYWORD_ID, KEYWORD_NAME) VALUES (145, '음료');
INSERT INTO KEYWORD (KEYWORD_ID, KEYWORD_NAME) VALUES (146, '작품');
INSERT INTO KEYWORD (KEYWORD_ID, KEYWORD_NAME) VALUES (147, '햄버거');
INSERT INTO KEYWORD (KEYWORD_ID, KEYWORD_NAME) VALUES (148, '볼만한');
INSERT INTO KEYWORD (KEYWORD_ID, KEYWORD_NAME) VALUES (149, '탕수육');
INSERT INTO KEYWORD (KEYWORD_ID, KEYWORD_NAME) VALUES (150, '피크닉');
INSERT INTO KEYWORD (KEYWORD_ID, KEYWORD_NAME) VALUES (151, '베이커리');
INSERT INTO KEYWORD (KEYWORD_ID, KEYWORD_NAME) VALUES (152, '서울형');
INSERT INTO KEYWORD (KEYWORD_ID, KEYWORD_NAME) VALUES (153, '디저트');
INSERT INTO KEYWORD (KEYWORD_ID, KEYWORD_NAME) VALUES (154, '공공도서관');


INSERT INTO PLACE (PLACE_ID, PLACE_NAME, PLACE_IMG_URL, PLACE_DESCRIBE, PLACE_ADDRESS, PLACE_NEW_ADDRESS, PLACE_PHONE, PLACE_TYPE, PLACE_PARKING, PLACE_FREE, PLACE_KIDS_MENU, PLACE_KIDS_TOOLS, PLACE_DAY_TYPE, START_TIME, END_TIME, PLACE_URL, X, Y, PLACE_MAIN_PLACE, REGION_ID, DELETED, CREATED_AT, UPDATED_AT) VALUES (1, '서울형 키즈카페 중랑구 면목4동점', NULL, NULL, NULL, '서울특별시 중랑구 용마산로 209', '02-2207-1123', 'INNER', 'NO_INFO', 'NO', NULL, NULL, '화요일~일요일', '10:00:00', '17:30:00', NULL, 127.0846456736099, 37.57252293384907, NULL, 25, FALSE, now(), now());
INSERT INTO PLACE (PLACE_ID, PLACE_NAME, PLACE_IMG_URL, PLACE_DESCRIBE, PLACE_ADDRESS, PLACE_NEW_ADDRESS, PLACE_PHONE, PLACE_TYPE, PLACE_PARKING, PLACE_FREE, PLACE_KIDS_MENU, PLACE_KIDS_TOOLS, PLACE_DAY_TYPE, START_TIME, END_TIME, PLACE_URL, X, Y, PLACE_MAIN_PLACE, REGION_ID, DELETED, CREATED_AT, UPDATED_AT) VALUES (2, '서울형키즈카페 종로구혜화동점', NULL, NULL, NULL, '서울특별시 종로구 성균관로 91', '02-742-3320', 'INNER', 'NO_INFO', 'NO', NULL, NULL, '화요일~일요일', NULL, NULL, NULL, 126.99881, 37.59048, NULL, 23, FALSE, now(), now());
INSERT INTO PLACE (PLACE_ID, PLACE_NAME, PLACE_IMG_URL, PLACE_DESCRIBE, PLACE_ADDRESS, PLACE_NEW_ADDRESS, PLACE_PHONE, PLACE_TYPE, PLACE_PARKING, PLACE_FREE, PLACE_KIDS_MENU, PLACE_KIDS_TOOLS, PLACE_DAY_TYPE, START_TIME, END_TIME, PLACE_URL, X, Y, PLACE_MAIN_PLACE, REGION_ID, DELETED, CREATED_AT, UPDATED_AT) VALUES (3, '서울형 키즈카페 서초구 방배2동점', NULL, NULL, NULL, '서울특별시 서초구 방배천로24길 8 방주교회', '02-523-9340', 'INNER', 'NO_INFO', 'NO', NULL, NULL, '월요일~토요일', NULL, NULL, NULL, 126.983798, 37.484555, NULL, 15, FALSE, now(), now());
INSERT INTO PLACE (PLACE_ID, PLACE_NAME, PLACE_IMG_URL, PLACE_DESCRIBE, PLACE_ADDRESS, PLACE_NEW_ADDRESS, PLACE_PHONE, PLACE_TYPE, PLACE_PARKING, PLACE_FREE, PLACE_KIDS_MENU, PLACE_KIDS_TOOLS, PLACE_DAY_TYPE, START_TIME, END_TIME, PLACE_URL, X, Y, PLACE_MAIN_PLACE, REGION_ID, DELETED, CREATED_AT, UPDATED_AT) VALUES (4, '슈퍼윙스 스포츠파크 롯데 잠실점', NULL, NULL, '서울특별시 송파구 잠실동 40-1 롯데마트 5층', '서울특별시 송파구 올림픽로 240, 롯데마트 5층 (잠실동)', '02-2143-1658', 'INNER', 'NO_INFO', 'NO_INFO', NULL, NULL, NULL, NULL, NULL, NULL, 129.7006983490056, 35.34662739935027, NULL, 18, FALSE, now(), now());
INSERT INTO PLACE (PLACE_ID, PLACE_NAME, PLACE_IMG_URL, PLACE_DESCRIBE, PLACE_ADDRESS, PLACE_NEW_ADDRESS, PLACE_PHONE, PLACE_TYPE, PLACE_PARKING, PLACE_FREE, PLACE_KIDS_MENU, PLACE_KIDS_TOOLS, PLACE_DAY_TYPE, START_TIME, END_TIME, PLACE_URL, X, Y, PLACE_MAIN_PLACE, REGION_ID, DELETED, CREATED_AT, UPDATED_AT) VALUES (5, '리틀마운틴 천호점', NULL, NULL, '서울특별시 강동구 천호동 454-1 이마트', '서울특별시 강동구 천호대로 1017, 이마트 지하2층 (천호동)', '02-482-5745', 'INNER', 'NO_INFO', 'NO_INFO', NULL, NULL, NULL, NULL, NULL, NULL, 129.7348348870866, 35.36781280763112, NULL, 2, FALSE, now(), now());
INSERT INTO PLACE (PLACE_ID, PLACE_NAME, PLACE_IMG_URL, PLACE_DESCRIBE, PLACE_ADDRESS, PLACE_NEW_ADDRESS, PLACE_PHONE, PLACE_TYPE, PLACE_PARKING, PLACE_FREE, PLACE_KIDS_MENU, PLACE_KIDS_TOOLS, PLACE_DAY_TYPE, START_TIME, END_TIME, PLACE_URL, X, Y, PLACE_MAIN_PLACE, REGION_ID, DELETED, CREATED_AT, UPDATED_AT) VALUES (6, '릴리펏 현대백화점 천호점', NULL, NULL, '서울특별시 강동구 천호동 455-8 현대백화점', '서울특별시 강동구 천호대로 1005, 현대백화점 8층 (천호동)', '02-2225-7892', 'INNER', 'NO_INFO', 'NO_INFO', NULL, NULL, NULL, NULL, NULL, NULL, 129.7352697449645, 35.36693797334203, NULL, 2, FALSE, now(), now());
INSERT INTO PLACE (PLACE_ID, PLACE_NAME, PLACE_IMG_URL, PLACE_DESCRIBE, PLACE_ADDRESS, PLACE_NEW_ADDRESS, PLACE_PHONE, PLACE_TYPE, PLACE_PARKING, PLACE_FREE, PLACE_KIDS_MENU, PLACE_KIDS_TOOLS, PLACE_DAY_TYPE, START_TIME, END_TIME, PLACE_URL, X, Y, PLACE_MAIN_PLACE, REGION_ID, DELETED, CREATED_AT, UPDATED_AT) VALUES (7, '오금공원 유아숲체험원', NULL, NULL, '서울특별시 송파구 오금동 51', NULL, '02-2147-3402', 'OUTER', 'NO_INFO', 'NO_INFO', NULL, NULL, NULL, NULL, NULL, NULL, 127.132701474, 37.504358277, '경사 놀이대, 나무 올라타기, 나이테 놀이터, 숲속쉼터 등', 18, FALSE, now(), now());
INSERT INTO PLACE (PLACE_ID, PLACE_NAME, PLACE_IMG_URL, PLACE_DESCRIBE, PLACE_ADDRESS, PLACE_NEW_ADDRESS, PLACE_PHONE, PLACE_TYPE, PLACE_PARKING, PLACE_FREE, PLACE_KIDS_MENU, PLACE_KIDS_TOOLS, PLACE_DAY_TYPE, START_TIME, END_TIME, PLACE_URL, X, Y, PLACE_MAIN_PLACE, REGION_ID, DELETED, CREATED_AT, UPDATED_AT) VALUES (8, '잣절 유아숲체험원', NULL, NULL, '서울특별시 구로구 개봉동 산 2-60', NULL, '02-860-3147', 'OUTER', 'NO_INFO', 'NO_INFO', NULL, NULL, NULL, NULL, NULL, NULL, 126.838390102, 37.501394472, NULL, 7, FALSE, now(), now());
INSERT INTO PLACE (PLACE_ID, PLACE_NAME, PLACE_IMG_URL, PLACE_DESCRIBE, PLACE_ADDRESS, PLACE_NEW_ADDRESS, PLACE_PHONE, PLACE_TYPE, PLACE_PARKING, PLACE_FREE, PLACE_KIDS_MENU, PLACE_KIDS_TOOLS, PLACE_DAY_TYPE, START_TIME, END_TIME, PLACE_URL, X, Y, PLACE_MAIN_PLACE, REGION_ID, DELETED, CREATED_AT, UPDATED_AT) VALUES (9, '인왕산 유아숲체험원', NULL, NULL, '서울특별시 종로구 누상동 산 1-28', NULL, '02-2148-2845', 'OUTER', 'NO_INFO', 'NO_INFO', NULL, NULL, NULL, NULL, NULL, NULL, 126.962230356, 37.579087884, NULL, 23, FALSE, now(), now());
INSERT INTO PLACE (PLACE_ID, PLACE_NAME, PLACE_IMG_URL, PLACE_DESCRIBE, PLACE_ADDRESS, PLACE_NEW_ADDRESS, PLACE_PHONE, PLACE_TYPE, PLACE_PARKING, PLACE_FREE, PLACE_KIDS_MENU, PLACE_KIDS_TOOLS, PLACE_DAY_TYPE, START_TIME, END_TIME, PLACE_URL, X, Y, PLACE_MAIN_PLACE, REGION_ID, DELETED, CREATED_AT, UPDATED_AT) VALUES (10, '펀시티 건대점', NULL, NULL, '서울특별시 광진구 화양동 9-91 캠퍼스 프라자', '서울특별시 광진구 동일로22길 81, 1층 103호 (화양동, 캠퍼스 프라자)', '02-464-5671', 'INNER', 'NO_INFO', 'NO_INFO', NULL, NULL, NULL, NULL, NULL, NULL, 129.7367476639309, 35.32249556211515, NULL, 6, FALSE, now(), now());
INSERT INTO PLACE (PLACE_ID, PLACE_NAME, PLACE_IMG_URL, PLACE_DESCRIBE, PLACE_ADDRESS, PLACE_NEW_ADDRESS, PLACE_PHONE, PLACE_TYPE, PLACE_PARKING, PLACE_FREE, PLACE_KIDS_MENU, PLACE_KIDS_TOOLS, PLACE_DAY_TYPE, START_TIME, END_TIME, PLACE_URL, X, Y, PLACE_MAIN_PLACE, REGION_ID, DELETED, CREATED_AT, UPDATED_AT) VALUES (11, '짱오락실 상암동 메가박스점', NULL, NULL, '서울특별시 마포구 성산동 515 월드컵주경기장', '서울특별시 마포구 월드컵로 240, 월드컵주경기장 메가박스 1층 (성산동)', '070-7777-2096', 'INNER', 'NO_INFO', 'NO_INFO', NULL, NULL, NULL, NULL, NULL, NULL, 126.897273, 37.568288, NULL, 13, FALSE, now(), now());
INSERT INTO PLACE (PLACE_ID, PLACE_NAME, PLACE_IMG_URL, PLACE_DESCRIBE, PLACE_ADDRESS, PLACE_NEW_ADDRESS, PLACE_PHONE, PLACE_TYPE, PLACE_PARKING, PLACE_FREE, PLACE_KIDS_MENU, PLACE_KIDS_TOOLS, PLACE_DAY_TYPE, START_TIME, END_TIME, PLACE_URL, X, Y, PLACE_MAIN_PLACE, REGION_ID, DELETED, CREATED_AT, UPDATED_AT) VALUES (12, '맥스라이더 신내점', NULL, NULL, '서울특별시 중랑구 신내동 645 홈플러스 1층 ', '서울특별시 중랑구 신내로 201, 1층 (신내동, 홈플러스서울신내점)', 'X', 'INNER', 'NO_INFO', 'NO_INFO', NULL, NULL, NULL, NULL, NULL, NULL, 129.8280255770632, 35.34028621644441, NULL, 25, FALSE, now(), now());
INSERT INTO PLACE (PLACE_ID, PLACE_NAME, PLACE_IMG_URL, PLACE_DESCRIBE, PLACE_ADDRESS, PLACE_NEW_ADDRESS, PLACE_PHONE, PLACE_TYPE, PLACE_PARKING, PLACE_FREE, PLACE_KIDS_MENU, PLACE_KIDS_TOOLS, PLACE_DAY_TYPE, START_TIME, END_TIME, PLACE_URL, X, Y, PLACE_MAIN_PLACE, REGION_ID, DELETED, CREATED_AT, UPDATED_AT) VALUES (13, '고메스퀘어 수유점', NULL, NULL, '서울특별시 강북구 번동 449-1', '서울특별시 강북구 도봉로 308', '02-6956-6275', 'INNER', 'NO', 'NO_INFO', '우동, 튀김', '유아의자 20개', '월요일~일요일 ', '11:00:00', '21:30:00', NULL, 127.02384, 37.63566, NULL, 3, FALSE, now(), now());
INSERT INTO PLACE (PLACE_ID, PLACE_NAME, PLACE_IMG_URL, PLACE_DESCRIBE, PLACE_ADDRESS, PLACE_NEW_ADDRESS, PLACE_PHONE, PLACE_TYPE, PLACE_PARKING, PLACE_FREE, PLACE_KIDS_MENU, PLACE_KIDS_TOOLS, PLACE_DAY_TYPE, START_TIME, END_TIME, PLACE_URL, X, Y, PLACE_MAIN_PLACE, REGION_ID, DELETED, CREATED_AT, UPDATED_AT) VALUES (14, '냐항in상일', NULL, NULL, '서울특별시 강동구 상일동 235', '서울특별시 강동구 구천면로100길 11', '02-426-2321', 'INNER', 'NO', 'NO_INFO', NULL, NULL, NULL, NULL, NULL, NULL, 127.17174, 37.55042, NULL, 2, FALSE, now(), now());
INSERT INTO PLACE (PLACE_ID, PLACE_NAME, PLACE_IMG_URL, PLACE_DESCRIBE, PLACE_ADDRESS, PLACE_NEW_ADDRESS, PLACE_PHONE, PLACE_TYPE, PLACE_PARKING, PLACE_FREE, PLACE_KIDS_MENU, PLACE_KIDS_TOOLS, PLACE_DAY_TYPE, START_TIME, END_TIME, PLACE_URL, X, Y, PLACE_MAIN_PLACE, REGION_ID, DELETED, CREATED_AT, UPDATED_AT) VALUES (15, '포메인', NULL, NULL, '서울특별시 노원구 상계동 709-2', '서울특별시 노원구 노해로 459', 'X', 'INNER', 'NO', 'NO_INFO', NULL, NULL, NULL, NULL, NULL, NULL, 127.05901, 37.65426, NULL, 9, FALSE, now(), now());
INSERT INTO PLACE (PLACE_ID, PLACE_NAME, PLACE_IMG_URL, PLACE_DESCRIBE, PLACE_ADDRESS, PLACE_NEW_ADDRESS, PLACE_PHONE, PLACE_TYPE, PLACE_PARKING, PLACE_FREE, PLACE_KIDS_MENU, PLACE_KIDS_TOOLS, PLACE_DAY_TYPE, START_TIME, END_TIME, PLACE_URL, X, Y, PLACE_MAIN_PLACE, REGION_ID, DELETED, CREATED_AT, UPDATED_AT) VALUES (16, '닥터로빈 파크센터점', NULL, NULL, '서울특별시 영등포구 여의도동 28-3', '서울특별시 영등포구 여의대로 8', '02-3775-3101', 'INNER', 'YES', 'NO_INFO', '통단호박스프, Kids 햄버거스테이크 영양가득비프라이스 등', '유아체어5개, 식기류', '월요일~일요일', '09:00:00', '21:30:00', 'www.drrobbin.com/', 126.91858, 37.52117, NULL, 20, FALSE, now(), now());
INSERT INTO PLACE (PLACE_ID, PLACE_NAME, PLACE_IMG_URL, PLACE_DESCRIBE, PLACE_ADDRESS, PLACE_NEW_ADDRESS, PLACE_PHONE, PLACE_TYPE, PLACE_PARKING, PLACE_FREE, PLACE_KIDS_MENU, PLACE_KIDS_TOOLS, PLACE_DAY_TYPE, START_TIME, END_TIME, PLACE_URL, X, Y, PLACE_MAIN_PLACE, REGION_ID, DELETED, CREATED_AT, UPDATED_AT) VALUES (17, '닥터로빈 이대점', NULL, NULL, '서울특별시 서대문구 대현동 11-1', '서울특별시 서대문구 이화여대길 52', '02-363-3101', 'INNER', 'NO', 'NO_INFO', '비프라이스, 파스타, 햄버거스테이크 등', '유아의자, 유아식기류 등', '월요일~일요일', '08:30:00', '21:00:00', 'https://drrobbin.cafe24.com/', 126.945625164, 37.560299144, NULL, 14, FALSE, now(), now());
INSERT INTO PLACE (PLACE_ID, PLACE_NAME, PLACE_IMG_URL, PLACE_DESCRIBE, PLACE_ADDRESS, PLACE_NEW_ADDRESS, PLACE_PHONE, PLACE_TYPE, PLACE_PARKING, PLACE_FREE, PLACE_KIDS_MENU, PLACE_KIDS_TOOLS, PLACE_DAY_TYPE, START_TIME, END_TIME, PLACE_URL, X, Y, PLACE_MAIN_PLACE, REGION_ID, DELETED, CREATED_AT, UPDATED_AT) VALUES (18, '닥터로빈 강서점', NULL, NULL, '서울특별시 강서구 화곡동 1094', '서울특별시 강서구 공항대로 396', '02-2065-3111', 'INNER', 'NO', 'NO_INFO', '통단호박스프/Kids 햄버거스테이크/영양가득 비프라이스/순수크림파스타(with비프)/건강 가득 토마토 파스타(with비프)', '유아체어7개, 유아식기 10개            ', '월요일~금요일', '09:00:00', '22:00:00', 'https://linktr.ee/drrobbin_korea', 126.8511, 37.55581, NULL, 4, FALSE, now(), now());
INSERT INTO PLACE (PLACE_ID, PLACE_NAME, PLACE_IMG_URL, PLACE_DESCRIBE, PLACE_ADDRESS, PLACE_NEW_ADDRESS, PLACE_PHONE, PLACE_TYPE, PLACE_PARKING, PLACE_FREE, PLACE_KIDS_MENU, PLACE_KIDS_TOOLS, PLACE_DAY_TYPE, START_TIME, END_TIME, PLACE_URL, X, Y, PLACE_MAIN_PLACE, REGION_ID, DELETED, CREATED_AT, UPDATED_AT) VALUES (19, '닥터로빈 강서점', NULL, NULL, '서울특별시 강서구 화곡동 1094', '서울특별시 강서구 공항대로 396', '02-2065-3111', 'INNER', 'NO', 'NO_INFO', '통단호박스프/Kids 햄버거스테이크/영양가득 비프라이스/순수크림파스타(with비프)/건강 가득 토마토 파스타(with비프)', '유아체어7개, 유아식기 10개            ', '토요일~일요일', '11:00:00', '22:00:00', 'https://linktr.ee/drrobbin_korea', 126.8511, 37.55581, NULL, 4, FALSE, now(), now());
INSERT INTO PLACE (PLACE_ID, PLACE_NAME, PLACE_IMG_URL, PLACE_DESCRIBE, PLACE_ADDRESS, PLACE_NEW_ADDRESS, PLACE_PHONE, PLACE_TYPE, PLACE_PARKING, PLACE_FREE, PLACE_KIDS_MENU, PLACE_KIDS_TOOLS, PLACE_DAY_TYPE, START_TIME, END_TIME, PLACE_URL, X, Y, PLACE_MAIN_PLACE, REGION_ID, DELETED, CREATED_AT, UPDATED_AT) VALUES (20, '인생돈카츠', NULL, NULL, '서울특별시 은평구 대조동 15-39', '서울특별시 은평구 통일로65길 12-10', '0507-1352-3920', 'INNER', 'NO', 'NO_INFO', NULL, NULL, NULL, NULL, NULL, NULL, 126.9296, 37.60975, NULL, 22, FALSE, now(), now());
INSERT INTO PLACE (PLACE_ID, PLACE_NAME, PLACE_IMG_URL, PLACE_DESCRIBE, PLACE_ADDRESS, PLACE_NEW_ADDRESS, PLACE_PHONE, PLACE_TYPE, PLACE_PARKING, PLACE_FREE, PLACE_KIDS_MENU, PLACE_KIDS_TOOLS, PLACE_DAY_TYPE, START_TIME, END_TIME, PLACE_URL, X, Y, PLACE_MAIN_PLACE, REGION_ID, DELETED, CREATED_AT, UPDATED_AT) VALUES (21, '스시웨이 신도림점', NULL, NULL, '서울특별시 구로구 신도림동 338', '서울특별시 구로구 경인로67길 23', '02-2679-2777', 'INNER', 'YES', 'NO_INFO', '어린이초밥, 새우튀김 등', '유아체어1개, 유아식기1셋', '월요일~일요일', '11:30:00', '22:00:00', NULL, 126.88925, 37.51071, NULL, 7, FALSE, now(), now());
INSERT INTO PLACE (PLACE_ID, PLACE_NAME, PLACE_IMG_URL, PLACE_DESCRIBE, PLACE_ADDRESS, PLACE_NEW_ADDRESS, PLACE_PHONE, PLACE_TYPE, PLACE_PARKING, PLACE_FREE, PLACE_KIDS_MENU, PLACE_KIDS_TOOLS, PLACE_DAY_TYPE, START_TIME, END_TIME, PLACE_URL, X, Y, PLACE_MAIN_PLACE, REGION_ID, DELETED, CREATED_AT, UPDATED_AT) VALUES (22, '서강8경율도', NULL, NULL, '서울특별시 마포구 상수동 356-6', '서울특별시 마포구 토정로 128', '02-334-0070', 'INNER', 'NO', 'NO_INFO', '돈까스, 우동, 알밥, 튀김', '유아체어, 포크, 수저', '월요일~토요일', '10:00:00', '22:00:00', NULL, 126.92536, 37.54496, NULL, 13, FALSE, now(), now());
INSERT INTO PLACE (PLACE_ID, PLACE_NAME, PLACE_IMG_URL, PLACE_DESCRIBE, PLACE_ADDRESS, PLACE_NEW_ADDRESS, PLACE_PHONE, PLACE_TYPE, PLACE_PARKING, PLACE_FREE, PLACE_KIDS_MENU, PLACE_KIDS_TOOLS, PLACE_DAY_TYPE, START_TIME, END_TIME, PLACE_URL, X, Y, PLACE_MAIN_PLACE, REGION_ID, DELETED, CREATED_AT, UPDATED_AT) VALUES (23, '빠네렌토', NULL, NULL, '서울특별시 강동구 명일동 48-7', '서울특별시 강동구 동남로 881', '02-3427-1686', 'INNER', 'NO', 'NO_INFO', '빵, 케잌, 과자', '유아체어 1개', '월요일~일요일', '07:30:00', '21:00:00', NULL, 127.1558, 37.55229, NULL, 2, FALSE, now(), now());
INSERT INTO PLACE (PLACE_ID, PLACE_NAME, PLACE_IMG_URL, PLACE_DESCRIBE, PLACE_ADDRESS, PLACE_NEW_ADDRESS, PLACE_PHONE, PLACE_TYPE, PLACE_PARKING, PLACE_FREE, PLACE_KIDS_MENU, PLACE_KIDS_TOOLS, PLACE_DAY_TYPE, START_TIME, END_TIME, PLACE_URL, X, Y, PLACE_MAIN_PLACE, REGION_ID, DELETED, CREATED_AT, UPDATED_AT) VALUES (24, 'KKD 건대스타시티점', NULL, NULL, '서울특별시 광진구 자양동 227-7', '서울특별시 광진구 아차산로 262', '02-2024-1460', 'INNER', 'YES', 'NO_INFO', '미니도넛, 어린이 음료', '유아용 의자 1개 비치', '월요일~일요일', '09:00:00', '23:00:00', 'https://www.krispykreme.co.kr/', 127.072632022, 37.53780319, NULL, 6, FALSE, now(), now());
INSERT INTO PLACE (PLACE_ID, PLACE_NAME, PLACE_IMG_URL, PLACE_DESCRIBE, PLACE_ADDRESS, PLACE_NEW_ADDRESS, PLACE_PHONE, PLACE_TYPE, PLACE_PARKING, PLACE_FREE, PLACE_KIDS_MENU, PLACE_KIDS_TOOLS, PLACE_DAY_TYPE, START_TIME, END_TIME, PLACE_URL, X, Y, PLACE_MAIN_PLACE, REGION_ID, DELETED, CREATED_AT, UPDATED_AT) VALUES (25, 'KKD 대치점', NULL, NULL, '서울특별시 강남구 대치동 1021-8', '서울특별시 강남구 도곡로 460', '02-2051-9530', 'INNER', 'NO', 'NO_INFO', '미니도넛, 어린이 음료', '유아용 의자 2개 비치', '월요일~일요일', '08:00:00', '22:00:00', 'https://www.krispykreme.co.kr/', 127.060644365, 37.498394577, NULL, 1, FALSE, now(), now());
INSERT INTO PLACE (PLACE_ID, PLACE_NAME, PLACE_IMG_URL, PLACE_DESCRIBE, PLACE_ADDRESS, PLACE_NEW_ADDRESS, PLACE_PHONE, PLACE_TYPE, PLACE_PARKING, PLACE_FREE, PLACE_KIDS_MENU, PLACE_KIDS_TOOLS, PLACE_DAY_TYPE, START_TIME, END_TIME, PLACE_URL, X, Y, PLACE_MAIN_PLACE, REGION_ID, DELETED, CREATED_AT, UPDATED_AT) VALUES (26, '주식회사 유래성', NULL, NULL, '서울특별시 서대문구 북가좌동 307-4', '서울특별시 서대문구 응암로 63', '02-304-9752', 'INNER', 'NO', 'NO_INFO', '짜장면,탕수육', '유아의자3개', '월요일~일요일', '11:00:00', '21:00:00', NULL, 126.91028, 37.57893, NULL, 14, FALSE, now(), now());
INSERT INTO PLACE (PLACE_ID, PLACE_NAME, PLACE_IMG_URL, PLACE_DESCRIBE, PLACE_ADDRESS, PLACE_NEW_ADDRESS, PLACE_PHONE, PLACE_TYPE, PLACE_PARKING, PLACE_FREE, PLACE_KIDS_MENU, PLACE_KIDS_TOOLS, PLACE_DAY_TYPE, START_TIME, END_TIME, PLACE_URL, X, Y, PLACE_MAIN_PLACE, REGION_ID, DELETED, CREATED_AT, UPDATED_AT) VALUES (27, '희래등', NULL, NULL, '서울특별시 동작구 대방동 39-2', '서울특별시 동작구 등용로 123', '0507-1402-0722', 'INNER', 'YES', 'NO_INFO', '유니짜장, 게살새우볶음밥 등', '유아의자3개, 유아식기1개', '월요일~일요일', '11:30:00', '21:00:00', NULL, 126.931611008, 37.511993724, NULL, 12, FALSE, now(), now());
INSERT INTO PLACE (PLACE_ID, PLACE_NAME, PLACE_IMG_URL, PLACE_DESCRIBE, PLACE_ADDRESS, PLACE_NEW_ADDRESS, PLACE_PHONE, PLACE_TYPE, PLACE_PARKING, PLACE_FREE, PLACE_KIDS_MENU, PLACE_KIDS_TOOLS, PLACE_DAY_TYPE, START_TIME, END_TIME, PLACE_URL, X, Y, PLACE_MAIN_PLACE, REGION_ID, DELETED, CREATED_AT, UPDATED_AT) VALUES (28, '미가양꼬치', NULL, NULL, '서울특별시 노원구 월계동 73-13', '서울특별시 노원구 석계로 31', '02-942-3432', 'INNER', 'NO', 'NO_INFO', NULL, NULL, NULL, NULL, NULL, NULL, 127.06388, 37.61753, NULL, 9, FALSE, now(), now());
INSERT INTO PLACE (PLACE_ID, PLACE_NAME, PLACE_IMG_URL, PLACE_DESCRIBE, PLACE_ADDRESS, PLACE_NEW_ADDRESS, PLACE_PHONE, PLACE_TYPE, PLACE_PARKING, PLACE_FREE, PLACE_KIDS_MENU, PLACE_KIDS_TOOLS, PLACE_DAY_TYPE, START_TIME, END_TIME, PLACE_URL, X, Y, PLACE_MAIN_PLACE, REGION_ID, DELETED, CREATED_AT, UPDATED_AT) VALUES (29, '이디야커피 도림사거리점', NULL, NULL, '서울특별시 영등포구 신길동 363-4', '서울특별시 영등포구 도림로 326', '02-6015-3292', 'INNER', 'YES', 'NO_INFO', '이디야신비아파트 음료, 이디야키즈 뽀로로 음료', '유아의자 2개', '월요일~일요일', '10:00:00', '22:00:00', 'www.ediya.com', 126.901799972, 37.506581903, NULL, 20, FALSE, now(), now());
INSERT INTO PLACE (PLACE_ID, PLACE_NAME, PLACE_IMG_URL, PLACE_DESCRIBE, PLACE_ADDRESS, PLACE_NEW_ADDRESS, PLACE_PHONE, PLACE_TYPE, PLACE_PARKING, PLACE_FREE, PLACE_KIDS_MENU, PLACE_KIDS_TOOLS, PLACE_DAY_TYPE, START_TIME, END_TIME, PLACE_URL, X, Y, PLACE_MAIN_PLACE, REGION_ID, DELETED, CREATED_AT, UPDATED_AT) VALUES (30, '엔제리너스 김포공항1층', NULL, NULL, '서울특별시 강서구 공항동 1373-5', '서울특별시 강서구 하늘길 177', '02-2667-0108', 'INNER', 'NO', 'NO_INFO', '생과일 주스', '유아용의자 1개 포크, 나이프 구비', '월요일~일요일', '05:30:00', '22:00:00', 'https://www.angelinus.com/', 126.808473241, 37.556756134, NULL, 4, FALSE, now(), now());
INSERT INTO PLACE (PLACE_ID, PLACE_NAME, PLACE_IMG_URL, PLACE_DESCRIBE, PLACE_ADDRESS, PLACE_NEW_ADDRESS, PLACE_PHONE, PLACE_TYPE, PLACE_PARKING, PLACE_FREE, PLACE_KIDS_MENU, PLACE_KIDS_TOOLS, PLACE_DAY_TYPE, START_TIME, END_TIME, PLACE_URL, X, Y, PLACE_MAIN_PLACE, REGION_ID, DELETED, CREATED_AT, UPDATED_AT) VALUES (31, '엔제리너스 GS이수D/I', NULL, NULL, '서울특별시 동작구 사당동 86-3', '서울특별시 동작구 동작대로 135', '02-599-0422', 'INNER', 'NO', 'NO_INFO', '생과일 주스', '유아용의자 1개 포크, 나이프 구비', '월요일~일요일', '09:00:00', '22:00:00', 'https://www.angelinus.com/', 126.981965945, 37.488681944, NULL, 12, FALSE, now(), now());
INSERT INTO PLACE (PLACE_ID, PLACE_NAME, PLACE_IMG_URL, PLACE_DESCRIBE, PLACE_ADDRESS, PLACE_NEW_ADDRESS, PLACE_PHONE, PLACE_TYPE, PLACE_PARKING, PLACE_FREE, PLACE_KIDS_MENU, PLACE_KIDS_TOOLS, PLACE_DAY_TYPE, START_TIME, END_TIME, PLACE_URL, X, Y, PLACE_MAIN_PLACE, REGION_ID, DELETED, CREATED_AT, UPDATED_AT) VALUES (32, '롯데리아 수유역점', NULL, NULL, '서울특별시 강북구 수유동 230-10', '서울특별시 강북구 도봉로 323', '02-994-4293', 'INNER', 'NO', 'NO_INFO', '감자튀김, 치즈스틱 햄버거, 오렌지주스 등', '유아용의자 1개 포크, 나이프 구비', '월요일~일요일 24시간', '00:00:00', '00:00:00', 'https://www.lotteria.com/', 127.024186225, 37.637146505, NULL, 3, FALSE, now(), now());
INSERT INTO PLACE (PLACE_ID, PLACE_NAME, PLACE_IMG_URL, PLACE_DESCRIBE, PLACE_ADDRESS, PLACE_NEW_ADDRESS, PLACE_PHONE, PLACE_TYPE, PLACE_PARKING, PLACE_FREE, PLACE_KIDS_MENU, PLACE_KIDS_TOOLS, PLACE_DAY_TYPE, START_TIME, END_TIME, PLACE_URL, X, Y, PLACE_MAIN_PLACE, REGION_ID, DELETED, CREATED_AT, UPDATED_AT) VALUES (33, '롯데리아 롯데백잠실광장', NULL, NULL, '서울특별시 송파구 잠실동 40-1', '서울특별시 송파구 올림픽로 240', '02-2143-1846', 'INNER', 'NO', 'NO_INFO', '감자튀김, 치즈스틱 햄버거, 오렌지주스 등', '유아용의자 2개 포크, 나이프 구비', '월요일~일요일', '07:30:00', '22:00:00', 'https://www.lotteria.com/', 127.097939034, 37.511286624, NULL, 18, FALSE, now(), now());
INSERT INTO PLACE (PLACE_ID, PLACE_NAME, PLACE_IMG_URL, PLACE_DESCRIBE, PLACE_ADDRESS, PLACE_NEW_ADDRESS, PLACE_PHONE, PLACE_TYPE, PLACE_PARKING, PLACE_FREE, PLACE_KIDS_MENU, PLACE_KIDS_TOOLS, PLACE_DAY_TYPE, START_TIME, END_TIME, PLACE_URL, X, Y, PLACE_MAIN_PLACE, REGION_ID, DELETED, CREATED_AT, UPDATED_AT) VALUES (34, '롯데리아 고덕역점', NULL, NULL, '서울특별시 강동구 명일동 47-12', '서울특별시 강동구 동남로73길 26', '02-426-9900', 'INNER', 'YES', 'NO_INFO', '햄버거류, 디저트류, 드링크류, 아이스크림류', '유아체어2개, 식기류', '월요일~일요일', '09:00:00', '22:30:00', NULL, 127.1548, 37.5533, NULL, 2, FALSE, now(), now());
INSERT INTO PLACE (PLACE_ID, PLACE_NAME, PLACE_IMG_URL, PLACE_DESCRIBE, PLACE_ADDRESS, PLACE_NEW_ADDRESS, PLACE_PHONE, PLACE_TYPE, PLACE_PARKING, PLACE_FREE, PLACE_KIDS_MENU, PLACE_KIDS_TOOLS, PLACE_DAY_TYPE, START_TIME, END_TIME, PLACE_URL, X, Y, PLACE_MAIN_PLACE, REGION_ID, DELETED, CREATED_AT, UPDATED_AT) VALUES (35, '킴스맘1', NULL, NULL, '서울특별시 마포구 현석동 4-4', '서울특별시 마포구 토정로 208', '0507-1329-4992', 'INNER', 'NO', 'NO_INFO', '떡볶이, 돈까스, 볶음밥', '식기류 유아의자 6.16.까지 비치', '월요일~토요일', '10:00:00', '22:00:00', NULL, 126.93388, 37.54499, NULL, 13, FALSE, now(), now());
INSERT INTO PLACE (PLACE_ID, PLACE_NAME, PLACE_IMG_URL, PLACE_DESCRIBE, PLACE_ADDRESS, PLACE_NEW_ADDRESS, PLACE_PHONE, PLACE_TYPE, PLACE_PARKING, PLACE_FREE, PLACE_KIDS_MENU, PLACE_KIDS_TOOLS, PLACE_DAY_TYPE, START_TIME, END_TIME, PLACE_URL, X, Y, PLACE_MAIN_PLACE, REGION_ID, DELETED, CREATED_AT, UPDATED_AT) VALUES (36, '풍년참숯불갈비', NULL, NULL, '서울특별시 서초구 서초동 1327-29', '서울특별시 서초구 서초대로74길 29', '02-566-6630', 'INNER', 'YES', 'NO_INFO', '돼지갈비,계란찜', '돼지갈비,계란찜', '월요일~토요일', '10:00:00', '22:00:00', NULL, 127.02744, 37.49495, NULL, 15, FALSE, now(), now());
INSERT INTO PLACE (PLACE_ID, PLACE_NAME, PLACE_IMG_URL, PLACE_DESCRIBE, PLACE_ADDRESS, PLACE_NEW_ADDRESS, PLACE_PHONE, PLACE_TYPE, PLACE_PARKING, PLACE_FREE, PLACE_KIDS_MENU, PLACE_KIDS_TOOLS, PLACE_DAY_TYPE, START_TIME, END_TIME, PLACE_URL, X, Y, PLACE_MAIN_PLACE, REGION_ID, DELETED, CREATED_AT, UPDATED_AT) VALUES (37, '대흥정육식당', NULL, NULL, '서울특별시 중랑구 면목동 186-149', '서울특별시 중랑구 중랑천로10길 24', '02-435-6288', 'INNER', 'NO', 'NO_INFO', '계란찜', '유아의자', '월요일~토요일', '10:00:00', '22:00:00', NULL, 127.07448, 37.59179, NULL, 25, FALSE, now(), now());
INSERT INTO PLACE (PLACE_ID, PLACE_NAME, PLACE_IMG_URL, PLACE_DESCRIBE, PLACE_ADDRESS, PLACE_NEW_ADDRESS, PLACE_PHONE, PLACE_TYPE, PLACE_PARKING, PLACE_FREE, PLACE_KIDS_MENU, PLACE_KIDS_TOOLS, PLACE_DAY_TYPE, START_TIME, END_TIME, PLACE_URL, X, Y, PLACE_MAIN_PLACE, REGION_ID, DELETED, CREATED_AT, UPDATED_AT) VALUES (38, '마포아트센터', NULL, '-아트홀 맥 아트홀 맥은 가변형 음향판과 10개의 배턴, 첨단 음향과 조명시스템을 갖추어 어떠한 장르의 공연도 소화가 가능합니다.    2008년 리모델링 공사를 통해 내부 시설보완 및 인테리어 공사를 거쳐 재 탄생한 공연장입니다. 바닥과 객석 의자를 전면 교체하여 쾌적한 공간으로 탈바꿈 하여 최적의 관람 환경을 갖추고 있습니다.   아트홀 맥은 마포아트센터에서 운영하고 있는 781석 규모의 종합공연장으로 마포구 대흥동에 위치하고 있습니다. 지하철 6호선 대흥역 2번 출구에서 5분 거리, 2호선 이대역 5번 출구에서 10분 거리에 있으며 홍대, 신촌, 서강대등 대학가에 둘러싸인 문화예술의 새로운 공간으로 부상하고 있습니다.   아트홀 맥 건물은 서울특별시 건축물대전에서 건축상 은상을 수상한 훌륭하고 멋진 건축물의 공연장으로 현대식 최첨단 시스템을 갖추고 다양한 장르의 공연을 소화할 수 있는 전문 공연장으로서 대중적이고 예술성이 뛰어난 공연은 물론 독창적인 공연 등을 기획 및 유치하여 국내외의 실력 있는 예술인, 뮤지션들이 기량을 발휘 할 수 있는 공간으로의 역할을 수행하고 있습니다.    아트홀 맥은 수려한 외관은 물론 공연장 내부도 우아함과 편안함을 함께 느낄 수 있는 쾌적한 분위기에서 공연을 감상할 수 있도록 하였습니다. 또한 관객을 위한 다양한 서비스시설(안내데스크, 넓은 휴게 공간, 여유 있는 주차장 등)을 제공하고 있습니다.    아트홀맥은 건물 내 외관의 고급스러움과 더불어 모든 시민들이 찾을 수 있는 대중적이고 편한 공연장으로 서울 서부지 역의 문화 예술 공연의 새로운 지역으로서의 역할을 다하겠습니다.    -플레이 맥 플레이 맥은 인형극, 독주회 등 소규모 공연에 적합한 공간입니다. 연극, 놀다, 연주하다 의 뜻을 지닌 ''play''라는    이름처럼 교육적이고 수준 높은 어린이 공연을 펼치고 있습니다.     -갤러리 맥 갤러리 맥은 전시의 목적에 맞게 다양한 공간 활용이 가능합니다.   체험을 기반으로 하는 엑스퍼테인먼트(Expertainment) 전시를 특화하여 작품 감상 뿐 아니라 체험이 결합된 프로그램을 즐길 수 있는 공간입니다.   -아카데미 맥 아카데미 맥은 다양한 연령대가 들을 수 있는 다양한 프로그램으로 구성되어 있습니다.    유수의 전문 강사진이 유익한 강좌를 펼치고 있습니다.    엄마와 자녀가 함께하는 프로그램부터 유아, 청소년을 위한 강좌와 직장인 강좌 등 200여개   프로그램이 운영되고 있습니다.   -스포츠센터 맥대표전화 02-3274-8500공연문의 : 02-3274-8600- 09:00-18:00 (토,일 공휴일 휴무)공연장 대관문의 : 02-3274-8618스포츠센터 문의 : 02-3274-850009:00-18:00 (매월 마지막주 일요일,공휴일 휴무)체육관 문의- 02-3274-8501,8503주차장 이용안내주차공간 : 총 152대 (장애인 주차장 포함)주차대수 : 지상 15대(셔틀버스 전용) 지하1층 : 53대 지하2층 : 84대운영시간 : 06:00 ~ 22:00주차료주차료구분내용일반차량기본 30분 : 1,000원 - 추가 10분당 : 500원공연관람 차량3시간 : 3,000원 - 추가 10분당 : 500원공연장대관차량(대관 기간중)대극장차량 5대까지 무료 - 일일주차권 12시간 기준 10,000원 판매소극장차량 3대까지 무료 - 일일주차권 12시간 기준 10,000원 판매문화체육프로그램 차량프로그램 이용 시간 초과 1시간 30분 무료강좌시간이 정해지지 않은 경우 3시간 무료추가 10분당 500원기타차량조례 제12조, 제2항에 해당하는 행사차량은 [주차확인]에 한하여 무료업무용차량(수강신청 및 방문)은 [주차확인]에 한하여 1시간 면제(추가 10분당 : 500원, 1시간 초과시[주차재확인]차량 면제)10분 이내 회 차 차량은 면제※ 적용일시 : 2017년 6월 1일 (목) 00:00 부터※ 주차요금의 1일 상한액은 15,000원입니다.※ 2개 항목 이상 주차요금 감면사유에 해당할 때에는 그 중 감면율이 높은 1개 항목만 적용됩니다주차장 이용 시 준수 사항차량관리 및 물품도난의 책임은 이용자 책임입니다.주차권 분실시 차량 소유자임을 증명하여야 하며, 주차요금은 06:00부터 주차한 것으로 계산합니다.주차장내에서 주차장 시설물 또는 다른 차량 등에 재산상 손해를 입혔을 경우,가해자는 주차관제소에 즉시 신고하고 원상복구 및 피해보상을 하여야 합니다기타 문의처주차관제소(☎02-3274-8657)？  ', NULL, '서울 마포구 대흥로20길 28 마포아트센터', '02-3274-8600', 'INNER', 'NO_INFO', 'YES', NULL, NULL, '월요일~일요일', '06:00:00', '22:00:00', 'https://www.mfac.or.kr/', 126.945533810385, 37.5499060881738, NULL, 13, FALSE, now(), now());
INSERT INTO PLACE (PLACE_ID, PLACE_NAME, PLACE_IMG_URL, PLACE_DESCRIBE, PLACE_ADDRESS, PLACE_NEW_ADDRESS, PLACE_PHONE, PLACE_TYPE, PLACE_PARKING, PLACE_FREE, PLACE_KIDS_MENU, PLACE_KIDS_TOOLS, PLACE_DAY_TYPE, START_TIME, END_TIME, PLACE_URL, X, Y, PLACE_MAIN_PLACE, REGION_ID, DELETED, CREATED_AT, UPDATED_AT) VALUES (39, '문화역서울284', NULL, '문화역서울284는 한국 근?현대사의 주요 무대이자 교통과 교류의 관문이었던 구 서울역사의 원형을 복원하여 2011년 복합문화공간으로 개관했습니다. 문화?예술의 창작과 교류가 이루어지는 플랫폼으로서 전시, 공연, 워크숍 등 다채로운 프로그램을 진행하고 있습니다. 1900년 남대문정차장을 시작으로 경성역, 서울역을 거쳐 지금의 문화역서울284가 있기까지 시간을 따라 100여년 역사를 만나보세요.', NULL, '서울 중구 통일로 1 문화역서울284', '02-3407-3500', 'INNER', 'NO_INFO', 'YES', NULL, NULL, '화요일~토요일', '11:00:00', '19:00:00', 'https://www.seoul284.org/main', 126.972115894161, 37.5560581817344, NULL, 24, FALSE, now(), now());
INSERT INTO PLACE (PLACE_ID, PLACE_NAME, PLACE_IMG_URL, PLACE_DESCRIBE, PLACE_ADDRESS, PLACE_NEW_ADDRESS, PLACE_PHONE, PLACE_TYPE, PLACE_PARKING, PLACE_FREE, PLACE_KIDS_MENU, PLACE_KIDS_TOOLS, PLACE_DAY_TYPE, START_TIME, END_TIME, PLACE_URL, X, Y, PLACE_MAIN_PLACE, REGION_ID, DELETED, CREATED_AT, UPDATED_AT) VALUES (40, '아르코예술기록원', NULL, '예술기록 수집, 보존, 열람서비스 전문기관 아르코예술기록원  아르코예술기록원은 한국 근현대 예술사의 흐름을 살펴볼 수 있는 중요 기록물을 수집, 보존, 서비스하고 있으며, 구술채록사업, 공연 영상화 사업 등 기록물 생산 사업도 추진하고 있습니다. 한국 근현대 예술사와 관련이 높은 도서, 음반, 영상 등을 구입하여 서비스하는 한편, 소장기록물에 기초한 전시, 교육, 연구 등 다양한 프로그램을 진행합니다.  실물 기록물의 경우 기록원을 방문하여 열람하실 수 있으며, 디지털화된 기록물은 아르코예술기록원이 구축한 한국예술디지털아카이브(DA-Arts)를 통해 열람하실 수 있습니다. ', NULL, '서울 서초구 남부순환로 2406 예술의전당 디자인미술관 2층', '02-760-4750', 'INNER', 'NO_INFO', 'YES', NULL, NULL, '월요일~금요일', '10:00:00', '17:30:00', 'https://artsarchive.arko.or.kr/', 127.014215239186, 37.4802401962069, NULL, 15, FALSE, now(), now());
INSERT INTO PLACE (PLACE_ID, PLACE_NAME, PLACE_IMG_URL, PLACE_DESCRIBE, PLACE_ADDRESS, PLACE_NEW_ADDRESS, PLACE_PHONE, PLACE_TYPE, PLACE_PARKING, PLACE_FREE, PLACE_KIDS_MENU, PLACE_KIDS_TOOLS, PLACE_DAY_TYPE, START_TIME, END_TIME, PLACE_URL, X, Y, PLACE_MAIN_PLACE, REGION_ID, DELETED, CREATED_AT, UPDATED_AT) VALUES (41, '전쟁기념관', NULL, '옛 육군본부 자리에 들어선 전쟁기념관은 지하 2층, 지상 4층 건물로, 6천여 평 정도의 전시관을 갖추고 있다. 호국추모실?전쟁역사실?한국전쟁실?해외파병실?국군발전실?대형장비실?방산장비실 등으로 구성되어 있으며, 광장 중앙에 세워진 형제의 상은 국군장병인 형과 인민군인 아우의 모습을 기리고 있어, 갈라져 있는 남과 북의 아픔을 되새기게 한다.', NULL, '서울특별시 용산구 이태원로 29', '02-709-3114', 'INNER', 'NO_INFO', 'NO', NULL, NULL, '화요일~일요일', '09:30:00', '18:00:00', 'https://www.warmemo.or.kr/', 126.978466063237, 37.5373140468913, NULL, 21, FALSE, now(), now());
INSERT INTO PLACE (PLACE_ID, PLACE_NAME, PLACE_IMG_URL, PLACE_DESCRIBE, PLACE_ADDRESS, PLACE_NEW_ADDRESS, PLACE_PHONE, PLACE_TYPE, PLACE_PARKING, PLACE_FREE, PLACE_KIDS_MENU, PLACE_KIDS_TOOLS, PLACE_DAY_TYPE, START_TIME, END_TIME, PLACE_URL, X, Y, PLACE_MAIN_PLACE, REGION_ID, DELETED, CREATED_AT, UPDATED_AT) VALUES (42, '전태일기념관', NULL, '아름다운청년 전태일기념관은 한국노동운동사에서 중요한 기점을 마련한 저내일의 역사적 의미를 재조명하기 위해 서울시가 건림한 노동복합시설입니다.전태일은 노동자가 건강하게 일하고 공부할 수 있는 사람 중심의 세상을 만들기 위해 자신의 모든 것을 바쳤습니다.아름다운청년 전태일기념관은 전태일의 꿈을 이루기 위한 사랑?연대의 정신으로 노동자?청년?시민과 함께 행동하고자 합니다.', NULL, '서울특별시 종로구 청계천로 105', '02-318-0904', 'INNER', 'NO_INFO', 'YES', NULL, NULL, '화요일~일요일', '10:00:00', '18:00:00', 'taeil.org', 126.989300313392, 37.5684664512813, NULL, 23, FALSE, now(), now());
INSERT INTO PLACE (PLACE_ID, PLACE_NAME, PLACE_IMG_URL, PLACE_DESCRIBE, PLACE_ADDRESS, PLACE_NEW_ADDRESS, PLACE_PHONE, PLACE_TYPE, PLACE_PARKING, PLACE_FREE, PLACE_KIDS_MENU, PLACE_KIDS_TOOLS, PLACE_DAY_TYPE, START_TIME, END_TIME, PLACE_URL, X, Y, PLACE_MAIN_PLACE, REGION_ID, DELETED, CREATED_AT, UPDATED_AT) VALUES (43, '함석헌기념관', NULL, '함석헌기념관은 우리나라를 대표하는 인권 운동가로 <씨알의 소리>를 창간하고 시인, 교육자, 사상가, 언론인, 역사가로서의 삶을 살았던 함석헌 선생(1901 ~ 1989)을 기리기 위해 마지막 여생을 보내셨던 도봉구 쌍문동 집을 보존, 리모델링하여 작은 기념관 형식으로 건립한 것입니다.함석헌 선생이 생활하셨던 지상 1층은 선생의 유품 전시, 발자취, 영상 상영 등 전시실로 구성하였으며, 창고로 사용하셨던 지하 1층은 세미나실, 도서열람실, 게스트룸 등 주민커뮤니티 공간으로 구성하였습니다. 그 외에도 씨알갤러리와 주민공간으로 유리온실과 앞마당 쉼터가 조성되어있습니다.', NULL, '서울특별시 도봉구 도봉로123길 33-6', '02-905-7007', 'INNER', 'NO_INFO', 'YES', NULL, NULL, '화요일~일요일', '09:00:00', '18:00:00', 'http://hamsokhon.dobong.go.kr/', 127.034796402967, 37.6529616157973, NULL, 10, FALSE, now(), now());
INSERT INTO PLACE (PLACE_ID, PLACE_NAME, PLACE_IMG_URL, PLACE_DESCRIBE, PLACE_ADDRESS, PLACE_NEW_ADDRESS, PLACE_PHONE, PLACE_TYPE, PLACE_PARKING, PLACE_FREE, PLACE_KIDS_MENU, PLACE_KIDS_TOOLS, PLACE_DAY_TYPE, START_TIME, END_TIME, PLACE_URL, X, Y, PLACE_MAIN_PLACE, REGION_ID, DELETED, CREATED_AT, UPDATED_AT) VALUES (44, '은평구립도서관', NULL, '이용시간       자료실별 평 일 주 말  3월~10월 (하절기) 11월 ~ 2월 (동절기)  종합자료실 09:00 ~ 22:00 09:00 ~ 22:00 09:00 ~ 17:00  정기간행물실 09:00 ~ 18:00 09:00 ~ 18:00  어린이자료실  디지털자료실  참고 자료실  일반열람실 07:00 ~ 23:00 08:00 ~ 23:00 07:00~23:00(하절기)  08:00~23:00(동절기)   휴관일  - 정기 휴관일 : 매월 둘째, 넷째 화요일  - 일요일을 제외한 법정 공휴일, 기타 도서관 사정에 의한 임시휴관일   식당운영시간  - 월요일~금요일 : 오전 11:30~13:30 / 오후 17:00 ~ 18:30  - 토요일,일요일 : 오전 11:30~13:30 / 오후 16:30 ~ 18:00', NULL, '서울특별시 은평구 통일로78가길 13-84(불광동)', '02-385-1671-4', 'INNER', 'NO_INFO', 'NO', NULL, NULL, '화요일~일요일', '09:00:00', '18:00:00', 'http://www.eplib.or.kr/', 126.9283998, 37.6190451, NULL, 22, FALSE, now(), now());
INSERT INTO PLACE (PLACE_ID, PLACE_NAME, PLACE_IMG_URL, PLACE_DESCRIBE, PLACE_ADDRESS, PLACE_NEW_ADDRESS, PLACE_PHONE, PLACE_TYPE, PLACE_PARKING, PLACE_FREE, PLACE_KIDS_MENU, PLACE_KIDS_TOOLS, PLACE_DAY_TYPE, START_TIME, END_TIME, PLACE_URL, X, Y, PLACE_MAIN_PLACE, REGION_ID, DELETED, CREATED_AT, UPDATED_AT) VALUES (45, '아리향기작은도서관', NULL, '강서구 작은도서관은 구민이 운영하는 도서관으로 집에서 걸어서 10분내 거리에 위치하고 있습니다. 지식?정보 제공뿐 아니라 다양한 독서?문화 프로그램 운영을 통해 문화 사랑방 역할을 하는 지역 주민의 소통 공간입니다.대출권수 도서 3권대출기간 14일간(1회에 한하여 7일 연장가능)이용가능 서비스 - 도서 열람ㆍ대출ㆍ반납- 구립도서관 회원가입- 구립도서관 책두레서비스 이용- 독서ㆍ문화 프로그램 수강 등', NULL, '서울특별시 강서구 양천로67가길 63', '02-2600-7326', 'INNER', 'NO_INFO', 'YES', NULL, NULL, '월요일~금요일', '09:30:00', '17:30:00', 'https://lib.gangseo.seoul.kr/SmallLibrary', 126.870968108368, 37.5537586591289, NULL, 4, FALSE, now(), now());
INSERT INTO PLACE (PLACE_ID, PLACE_NAME, PLACE_IMG_URL, PLACE_DESCRIBE, PLACE_ADDRESS, PLACE_NEW_ADDRESS, PLACE_PHONE, PLACE_TYPE, PLACE_PARKING, PLACE_FREE, PLACE_KIDS_MENU, PLACE_KIDS_TOOLS, PLACE_DAY_TYPE, START_TIME, END_TIME, PLACE_URL, X, Y, PLACE_MAIN_PLACE, REGION_ID, DELETED, CREATED_AT, UPDATED_AT) VALUES (46, '연세대학교 김대중도서관', NULL, '김대중도서관은 2003년 11월 아시아 최초의 대통령도서관으로 개관하였습니다. 대한민국 제15대 대통령이며 노벨평화상을 수상한 김대중 전 대통령이 도서관 건물과 1만6,000여 건의 자료, 1만여 권의 장서 그리고 노벨평화상 상금을 연세대학교에 기증한 뜻과 연세대학교의 건학 이념을 바탕으로 설립되었습니다. 김대중도서관은 민주주의와인권, 평화 구현 그리고 빈곤 퇴치를 위해 헌신한 김대중 전 대통령의 정신을 기리고 이를 위해 세계적 수준의 교육 및 연구활동, 그리고 사료 기관으로 거듭나겠습니다.김대중도서관은 주요사업으로 다음과 같은 활동을 하고 있습니다. 첫째,김대중 대통령의 일생의 자료 -대통령 재임 전, 재임기, 재임 이후, 노벨평화상 수상 관련 자료 등 김대중 대통령의 개인적 생애와 함께 우리나라 현대사의 참모습을 보고 이해할 수 있는 전시실을 운영하고 있습니다.둘째,김대중 대통령이 기증한 반세기에 걸친 국내 정치 관련 자료, 국내외에서의 민주화와 평화통일 활동 자료, 대통령 재임기 국정 수행 관련 자료, 국제 외교 자료 등을 정리하며 연구하고 있습니다.셋째,김대중 대통령의 업적을 기리는 기념사업을 하고 있습니다. 또한, 김대중 대통령 연보를 비롯해 각 분야에 걸친 김대중 연구 사업을 진행합니다. 이 사업의 일부는 정부의 “전직대통령 예우에 관한 법률”에 의한 예산 지원으로 수행됩니다.넷째,김대중 대통령을 비롯하여 민주화와 평화통일 및 야당사의 주요 증인들, 해외 인사들의 구술 인터뷰를 동영상으로 제작하여 디지털 아카이브를 만들고, 국내외 민주화와 평화통일에 관련한 자료들을 수집, 정리, 연구하는 일도 함께 하고 있습니다.다섯째,6.15남북공동선언기념, 노벨평화상 수상기념 학술회의 등 국제ㆍ국내학술회의와 오슬로 노벨평화센터 및 국내외 연구기관들과 교류협력을 통해 연구를 진행합니다.여섯째,민주주의, 평화, 빈곤퇴치에 관한 교육 사업을 진행합니다. 김대중평화아카데미 과정을 통해 평화와 통일교육, 청소년 평화 학습 등의 교육과정에 참여하고 있습니다.김대중도서관은 사업 수행을 위해 산하에 김대중평화연구소, 국제협력센터, 사료센터, 전시열람센터를 두고 있습니다.도서관 방문과 자료 검색, 각 교육과정 및 사업에 참여하는 방법은 별도로 안내가 되어있으니 참고하시기 바랍니다.그리고 김대중도서관의 운영은 연세대학교 부속기관으로서 연세대학교의 지원금과 독지가들의 정성어린 후원으로 운영되고 있습니다.이 자리를 빌어 그동안 후원에 참여하여 주신 모든 분들께 진심으로 감사드리며 앞으로 많은 분들의 참여와 후원을 부탁드립니다.', NULL, '서울특별시 마포구 신촌로4길 5-26', '02-2123-6890', 'INNER', 'NO_INFO', 'YES', NULL, NULL, '월요일~금요일', '10:00:00', '17:00:00', 'https://www.kdjlibrary.org/', 126.929590018517, 37.5569823830529, NULL, 13, FALSE, now(), now());
INSERT INTO PLACE (PLACE_ID, PLACE_NAME, PLACE_IMG_URL, PLACE_DESCRIBE, PLACE_ADDRESS, PLACE_NEW_ADDRESS, PLACE_PHONE, PLACE_TYPE, PLACE_PARKING, PLACE_FREE, PLACE_KIDS_MENU, PLACE_KIDS_TOOLS, PLACE_DAY_TYPE, START_TIME, END_TIME, PLACE_URL, X, Y, PLACE_MAIN_PLACE, REGION_ID, DELETED, CREATED_AT, UPDATED_AT) VALUES (47, '용산문화원', NULL, '1997년 12월에 개관한 용산문화원은 용산구를 사업구역으로 하고 서울특별시장의 인가를 받아 설립된 비영리 특별법인으로 강의실과,무용실,소강당에서 약50여개의 문화강좌가 연간 진행중에 있으며, 대강당에서 각종 문화행사 및 시상식 등이 이루어지고 있는 연면적 1,286.1㎡규모의 지역문화시설 공간임.', NULL, '서울특별시 용산구 효창원로8길 28', '02-703-0052~3', 'INNER', 'NO_INFO', 'NO', NULL, NULL, NULL, NULL, NULL, 'http://yongsan.kccf.or.kr', 126.951860031908, 37.5334249577326, NULL, 21, FALSE, now(), now());
INSERT INTO PLACE (PLACE_ID, PLACE_NAME, PLACE_IMG_URL, PLACE_DESCRIBE, PLACE_ADDRESS, PLACE_NEW_ADDRESS, PLACE_PHONE, PLACE_TYPE, PLACE_PARKING, PLACE_FREE, PLACE_KIDS_MENU, PLACE_KIDS_TOOLS, PLACE_DAY_TYPE, START_TIME, END_TIME, PLACE_URL, X, Y, PLACE_MAIN_PLACE, REGION_ID, DELETED, CREATED_AT, UPDATED_AT) VALUES (48, '이스라엘문화원', NULL, '문화원은 현재 서울 강남 도심에 위치해 있으며, 이스라엘과 유대학 관련 전문서적을 구비한 전문도서관을 운영하고 있으며, 이미 이스라엘 사람이 직접 강의하는 히브리어 강좌가 개설되어 초급, 중급, 고급 과정이 진행 중이며, 국제심포지엄, 세미나, 각종 전시회, 연주회, 친선 공연, 하프 콩쿨 대회, 박람회 등을 이스라엘 대사관과 공동, 또는 단독으로 개최하여 한국 속에 이스라엘을 알리고, 한국과 이스라엘을 잇는 매개체 역할을 담당하고 있습니다. 이스라엘이 지형적으로는 작지만 전 세계에 큰 영향을 끼치듯이, 이스라엘 문화원도 이러한 이스라엘과 그 민족이 지닌 독특한 역량을 우리나라 사람들에게 친근하게 접근시켜, 두 나라가 갖고 있는 여러 유사성과 특징으로 두 민족이 서로 공유할 수 있는 만남의 장소가 될 것으로 기대해 봅니다.', NULL, '서울특별시 서초구 서초대로74길 23', '02-525-7301', 'INNER', 'NO_INFO', 'NO', NULL, NULL, '월요일~화요일, 목요일~금요일', '10:00:00', '17:00:00', 'http://www.ilculture.or.kr/main.php', 127.027090955824, 37.4956119342423, NULL, 15, FALSE, now(), now());
INSERT INTO PLACE (PLACE_ID, PLACE_NAME, PLACE_IMG_URL, PLACE_DESCRIBE, PLACE_ADDRESS, PLACE_NEW_ADDRESS, PLACE_PHONE, PLACE_TYPE, PLACE_PARKING, PLACE_FREE, PLACE_KIDS_MENU, PLACE_KIDS_TOOLS, PLACE_DAY_TYPE, START_TIME, END_TIME, PLACE_URL, X, Y, PLACE_MAIN_PLACE, REGION_ID, DELETED, CREATED_AT, UPDATED_AT) VALUES (49, '서울한방진흥센터', NULL, '다양하고 특성화된 전시와 교육, 체험을 통해 전통 한의학의 우수성과 안전성을 널리 알리고자 설립된 한방복합문화시설입니다. 서울한방진흥센터는 한방문화 및 다양한 체험 콘텐츠로 전통 한방의 우수성을  홍보하고 다양한 프로그램 개발을 통하여 한방대중화에 기여하는 것은 물론 한방상품에 대한 신뢰도를  확보하여 서울약령시를 한방산업의 거점으로 자리매김 하는데 중추적인 역할을 담당할 것입니다.', NULL, '서울특별시 동대문구 약령중앙로 26', '029699241', 'INNER', 'NO_INFO', 'YES', NULL, NULL, '월요일~일요일', '10:00:00', '18:00:00', 'http://kmedi.ddm.go.kr', 127.037586644096, 37.5806004145096, NULL, 11, FALSE, now(), now());
INSERT INTO PLACE (PLACE_ID, PLACE_NAME, PLACE_IMG_URL, PLACE_DESCRIBE, PLACE_ADDRESS, PLACE_NEW_ADDRESS, PLACE_PHONE, PLACE_TYPE, PLACE_PARKING, PLACE_FREE, PLACE_KIDS_MENU, PLACE_KIDS_TOOLS, PLACE_DAY_TYPE, START_TIME, END_TIME, PLACE_URL, X, Y, PLACE_MAIN_PLACE, REGION_ID, DELETED, CREATED_AT, UPDATED_AT) VALUES (50, '김희수아트센터', NULL, '수림문화재단은 설립자의 <교육>과 <문화 메세나> 정신을 기리기 위하여 『김희수 기념 수림아트센터』를 건립하였다.『김희수 기념 수림아트센터』는 홍릉일대의 자연 풍경과 역사성을 함께 아우르며 <평화와 사랑에 대한 염원>, <세상의 조화와 인간의 소통>, <감사하는 마음>을 위한 공간을 지향한다.설계 단계부터 (舊)영화진흥위원회 건물의 역사성은 그대로 간직한 채 예술적, 미학적, 현대적 감각이 살아 숨 쉬는 공간으로 재창조를 시도하였다.복합문화예술공간으로써 명실상부한 서울 동북부 최고의 문화 명소가 되기를 바란다.', NULL, '서울특별시 동대문구 홍릉로 118', '0507-1365-7911', 'INNER', 'NO_INFO', 'YES', NULL, NULL, '월요일~토요일', '12:00:00', '18:00:00', 'http://www.soorimcf.or.kr/index.html', 127.043047670789, 37.5905137067197, NULL, 11, FALSE, now(), now());
INSERT INTO PLACE (PLACE_ID, PLACE_NAME, PLACE_IMG_URL, PLACE_DESCRIBE, PLACE_ADDRESS, PLACE_NEW_ADDRESS, PLACE_PHONE, PLACE_TYPE, PLACE_PARKING, PLACE_FREE, PLACE_KIDS_MENU, PLACE_KIDS_TOOLS, PLACE_DAY_TYPE, START_TIME, END_TIME, PLACE_URL, X, Y, PLACE_MAIN_PLACE, REGION_ID, DELETED, CREATED_AT, UPDATED_AT) VALUES (51, '북촌한옥청', NULL, '''북촌 한옥청(聽)''은 가회동 11번지 언덕에 위치한 공공한옥으로, 북촌에서는 보기 드문 120평 규모의 꽤 넓은 한옥이다.''북촌 한옥청''은 시민이 스스로 만들고 함께 누리는 한옥문화콘텐츠의 장으로, 전시를 중심으로 한 연계 강연?공연?포럼 등 각종 시민 교육문화 활동이 펼쳐질 수 있도록 개방하는 공유한옥의 개념을 갖는다. 한옥과 한옥지역(북촌, 경복궁서측, 인사동, 돈화문로, 성북 등)의 다양한 주체의 활동을 지원하며, 시민의 일상 속 한옥으로서 보다 많은 한옥문화 향유 기회를 만들어 나가고자 한다.- 총 면 적 : 대지 423.10m2(128평), 건축면적 150.81m2(45평)- 시설현황 : 총 3동(안채, 문간채, 행랑채), 앞마당 등- 대관공간 : 전시실 약 42m2(12평), 세미나실 약 62m2(18평)', NULL, '서울특별시 종로구 북촌로12길 29-1', '02-2133-5582', 'INNER', 'NO_INFO', 'YES', NULL, NULL, '화요일~일요일', '10:00:00', '18:00:00', 'https://hanok.seoul.go.kr/front/kor/life/lifeSarang.do?tab=7', 126.985645287314, 37.5827367359949, NULL, 23, FALSE, now(), now());
INSERT INTO PLACE (PLACE_ID, PLACE_NAME, PLACE_IMG_URL, PLACE_DESCRIBE, PLACE_ADDRESS, PLACE_NEW_ADDRESS, PLACE_PHONE, PLACE_TYPE, PLACE_PARKING, PLACE_FREE, PLACE_KIDS_MENU, PLACE_KIDS_TOOLS, PLACE_DAY_TYPE, START_TIME, END_TIME, PLACE_URL, X, Y, PLACE_MAIN_PLACE, REGION_ID, DELETED, CREATED_AT, UPDATED_AT) VALUES (52, '서울도시건축전시관', NULL, '2019년 3월 28일에 정식 개관한 서울도시건축전시관은 전국에서 처음으로 개관된 도시와 건축을 주제로 한 전시관으로, 기존의 박물관이나 미술관과는 다른 전시, 교육, 행사 등이 가능한 새로운 복합 시설입니다. 도시, 건축, 환경 및 정책과 관련된 기획, 상설, 대관 전시를 진행하고, 관련 정보 수집 및 아카이빙, 계절, 연휴 등의 이슈와 관련된 시민 프로그램 진행 등을 하고 있습니다. 또한, 시민에게 무상으로 제공되는 휴식공간이자 도시, 건축에 관심있는 국내외인들에게 관련 자료를 공유하고 서울시에서 진행하는 관련 전시 및 행사를 유치하는 곳입니다.전시관은 지상 1층, 지하 3층(연면적 2,998㎡) 규모로 지상층에 시민광장을 조성하고 지하 3개 층을 전시관으로 조성했으며, 지하층은 지하 보행로를 통해 시민청과 연결됩니다.', NULL, '서울특별시 중구 세종대로 119', '027368050', 'INNER', 'NO_INFO', 'YES', NULL, NULL, '화요일~일요일', '10:00:00', '18:00:00', 'https://sca.seoul.go.kr/seoulhour/site/urbanArch/home', 126.976702419575, 37.5668837502225, NULL, 24, FALSE, now(), now());
INSERT INTO PLACE (PLACE_ID, PLACE_NAME, PLACE_IMG_URL, PLACE_DESCRIBE, PLACE_ADDRESS, PLACE_NEW_ADDRESS, PLACE_PHONE, PLACE_TYPE, PLACE_PARKING, PLACE_FREE, PLACE_KIDS_MENU, PLACE_KIDS_TOOLS, PLACE_DAY_TYPE, START_TIME, END_TIME, PLACE_URL, X, Y, PLACE_MAIN_PLACE, REGION_ID, DELETED, CREATED_AT, UPDATED_AT) VALUES (53, '박정희 가옥', NULL, '국가등록문화유산 제412호박정희 전 대통령과 그의 가족이 1958년 5월부터 1961년 8월에 국가재건최고회의 의장 관사로 이주할 때까지 살았던 집이다. 박정희 전 대통령은 이곳에서 5?16 군사 정변을 계획했다. 1979년에 박정희 전 대통령이 서거한 후에는 자녀인 박근혜 전 대통령 등 유족들이 살았다.1930년대 신당동 일대에 문화주택* 단지가 대규모로 조성되었는데, 지금은 이 집이 유일하게 남아있다. 몇 차례 증축, 수리하였지만 문화주택의 기본 틀은 유지하고 있다.  지상 1층, 지하 1층의 규모로 응접실, 서재, 부엌, 화장실 등으로 구성되어 있으며, 박정희 전 대통령이 거주하던 때의 물건들을 재현하여 자료들과 전시하고 있다. 2010년 12월부터 진행한 복원공사를 마치고 2015년에 시민들에게 개방하였다. * 문화주택(文化住宅): 1920년대부터 나타난 새로운 주택형식으로 서양식 주거문화를 지향하며 서양식 외관, 공간, 위생 설비 등을 갖춘 근대적 개량주택(출처 : 국가문화유산포털)운영시간 10:00~18:00', NULL, '서울특별시 중구 다산로36가길 25', '02-2231-5143', 'INNER', 'NO_INFO', 'YES', NULL, NULL, '화요일~일요일', '10:00:00', '18:00:00', '없음', 127.019854920988, 37.561469121354, NULL, 24, FALSE, now(), now());
INSERT INTO PLACE (PLACE_ID, PLACE_NAME, PLACE_IMG_URL, PLACE_DESCRIBE, PLACE_ADDRESS, PLACE_NEW_ADDRESS, PLACE_PHONE, PLACE_TYPE, PLACE_PARKING, PLACE_FREE, PLACE_KIDS_MENU, PLACE_KIDS_TOOLS, PLACE_DAY_TYPE, START_TIME, END_TIME, PLACE_URL, X, Y, PLACE_MAIN_PLACE, REGION_ID, DELETED, CREATED_AT, UPDATED_AT) VALUES (54, '떡박물관', NULL, '■공간소개 도시인들과 자라나는 세대 및 외국인에게 사라져 가는 부엌살림 및 떡 기물과 음식들을 통해 우리 조상들의 지혜롭고, 슬기로웠던 삶의 모습과 숨결을 느낄 수 있는 체험의 공간이자 산교육의 공간이다. 단체견학 및 체험학습    ■ 단체견학 : 월요일 ~ 토요일 10:00 ~ 16:00 (30분소요) (20인이상 단체견학 예약 시 학예사 동행 설명)    ■ 체험학습 : 월요일 ~ 토요일 10:00 ~ 15:00 - 체험내용 : 떡?부엌살림박물관 견학, 실습 및 시식 (2시간30분소요) - 참가비 : 유치원 ~고등학생(1가지 떡 실습 ) : 1만원 대학생(2가지 떡 실습) : 1만5천원    ■ 개장시간 : 월요일 ~ 토요일 10:00 ~ 17:00 일요일 ~ 공휴일 12:00 ~ 17:00    ■ 입장료 : 성인 3천원, 중?고생 2천원 (단체20인이상: 성인 2천원, 중고생 1천원)    ■ 박물관 : 2층 부엌살림박물관 , 3층 떡박물관    ■ 휴관일 : 설날 / 추석', NULL, '서울 종로구 돈화문로 71', '02-741-5447', 'INNER', 'NO_INFO', 'NO', NULL, NULL, '월요일~토요일', '10:00:00', '18:00:00', 'http://www.tkmuseum.or.kr/', 126.990638129224, 37.5748995802783, NULL, 23, FALSE, now(), now());
INSERT INTO PLACE (PLACE_ID, PLACE_NAME, PLACE_IMG_URL, PLACE_DESCRIBE, PLACE_ADDRESS, PLACE_NEW_ADDRESS, PLACE_PHONE, PLACE_TYPE, PLACE_PARKING, PLACE_FREE, PLACE_KIDS_MENU, PLACE_KIDS_TOOLS, PLACE_DAY_TYPE, START_TIME, END_TIME, PLACE_URL, X, Y, PLACE_MAIN_PLACE, REGION_ID, DELETED, CREATED_AT, UPDATED_AT) VALUES (55, '짚풀생활사박물관', NULL, '짚과 풀로 짜고 엮은 다양한 생활용구들을 모아 전시하고 있다. 짚?풀 문화는 민중인 농민들이 생활의 필요에 의해 만들어낸 문화였다. 짚으로 일일이 엮었던 계란 한 줄, 곡식을 까불러 쭉정이를 떨궈내던 키, 색색 무늬로 모서리를 장식한 반짇고리, 어머니 새색시적 치마저고리가 담긴 다락의 고리짝 등에서 우리 조상들의 생활 지혜를 엿볼 수 있다.짚풀 관련 민속자료 3,500점, 연장 200점, 조손못 2,000점, 제기(祭器) 1,000점, 한옥문 200세트, 이종석기 증유물 457 점, 세계의 팽이 100종 500여점 등을 소장하고 있다.', NULL, '서울특별시 종로구 성균관로4길 45', '02-743-8787', 'INNER', 'NO_INFO', 'NO', NULL, NULL, '화요일~토요일', '10:00:00', '17:00:00', 'http://www.jipul.com/index.php', 126.999842853497, 37.5849058490839, NULL, 23, FALSE, now(), now());

INSERT INTO PLACE_CATE (PLACE_ID, PLACE_SUBCATE_ID) VALUES (1, 1);
INSERT INTO PLACE_CATE (PLACE_ID, PLACE_SUBCATE_ID) VALUES (2, 1);
INSERT INTO PLACE_CATE (PLACE_ID, PLACE_SUBCATE_ID) VALUES (3, 1);
INSERT INTO PLACE_CATE (PLACE_ID, PLACE_SUBCATE_ID) VALUES (4, 2);
INSERT INTO PLACE_CATE (PLACE_ID, PLACE_SUBCATE_ID) VALUES (5, 2);
INSERT INTO PLACE_CATE (PLACE_ID, PLACE_SUBCATE_ID) VALUES (6, 2);
INSERT INTO PLACE_CATE (PLACE_ID, PLACE_SUBCATE_ID) VALUES (7, 3);
INSERT INTO PLACE_CATE (PLACE_ID, PLACE_SUBCATE_ID) VALUES (8, 3);
INSERT INTO PLACE_CATE (PLACE_ID, PLACE_SUBCATE_ID) VALUES (9, 3);
INSERT INTO PLACE_CATE (PLACE_ID, PLACE_SUBCATE_ID) VALUES (10, 4);
INSERT INTO PLACE_CATE (PLACE_ID, PLACE_SUBCATE_ID) VALUES (11, 4);
INSERT INTO PLACE_CATE (PLACE_ID, PLACE_SUBCATE_ID) VALUES (12, 4);
INSERT INTO PLACE_CATE (PLACE_ID, PLACE_SUBCATE_ID) VALUES (13, 5);
INSERT INTO PLACE_CATE (PLACE_ID, PLACE_SUBCATE_ID) VALUES (14, 5);
INSERT INTO PLACE_CATE (PLACE_ID, PLACE_SUBCATE_ID) VALUES (15, 5);
INSERT INTO PLACE_CATE (PLACE_ID, PLACE_SUBCATE_ID) VALUES (16, 6);
INSERT INTO PLACE_CATE (PLACE_ID, PLACE_SUBCATE_ID) VALUES (17, 6);
INSERT INTO PLACE_CATE (PLACE_ID, PLACE_SUBCATE_ID) VALUES (18, 6);
INSERT INTO PLACE_CATE (PLACE_ID, PLACE_SUBCATE_ID) VALUES (19, 6);
INSERT INTO PLACE_CATE (PLACE_ID, PLACE_SUBCATE_ID) VALUES (20, 7);
INSERT INTO PLACE_CATE (PLACE_ID, PLACE_SUBCATE_ID) VALUES (21, 7);
INSERT INTO PLACE_CATE (PLACE_ID, PLACE_SUBCATE_ID) VALUES (22, 7);
INSERT INTO PLACE_CATE (PLACE_ID, PLACE_SUBCATE_ID) VALUES (23, 8);
INSERT INTO PLACE_CATE (PLACE_ID, PLACE_SUBCATE_ID) VALUES (24, 8);
INSERT INTO PLACE_CATE (PLACE_ID, PLACE_SUBCATE_ID) VALUES (25, 8);
INSERT INTO PLACE_CATE (PLACE_ID, PLACE_SUBCATE_ID) VALUES (26, 9);
INSERT INTO PLACE_CATE (PLACE_ID, PLACE_SUBCATE_ID) VALUES (27, 9);
INSERT INTO PLACE_CATE (PLACE_ID, PLACE_SUBCATE_ID) VALUES (28, 9);
INSERT INTO PLACE_CATE (PLACE_ID, PLACE_SUBCATE_ID) VALUES (29, 10);
INSERT INTO PLACE_CATE (PLACE_ID, PLACE_SUBCATE_ID) VALUES (30, 10);
INSERT INTO PLACE_CATE (PLACE_ID, PLACE_SUBCATE_ID) VALUES (31, 10);
INSERT INTO PLACE_CATE (PLACE_ID, PLACE_SUBCATE_ID) VALUES (32, 11);
INSERT INTO PLACE_CATE (PLACE_ID, PLACE_SUBCATE_ID) VALUES (33, 11);
INSERT INTO PLACE_CATE (PLACE_ID, PLACE_SUBCATE_ID) VALUES (34, 11);
INSERT INTO PLACE_CATE (PLACE_ID, PLACE_SUBCATE_ID) VALUES (35, 12);
INSERT INTO PLACE_CATE (PLACE_ID, PLACE_SUBCATE_ID) VALUES (36, 12);
INSERT INTO PLACE_CATE (PLACE_ID, PLACE_SUBCATE_ID) VALUES (37, 12);
INSERT INTO PLACE_CATE (PLACE_ID, PLACE_SUBCATE_ID) VALUES (38, 13);
INSERT INTO PLACE_CATE (PLACE_ID, PLACE_SUBCATE_ID) VALUES (39, 13);
INSERT INTO PLACE_CATE (PLACE_ID, PLACE_SUBCATE_ID) VALUES (40, 13);
INSERT INTO PLACE_CATE (PLACE_ID, PLACE_SUBCATE_ID) VALUES (41, 14);
INSERT INTO PLACE_CATE (PLACE_ID, PLACE_SUBCATE_ID) VALUES (42, 14);
INSERT INTO PLACE_CATE (PLACE_ID, PLACE_SUBCATE_ID) VALUES (43, 14);
INSERT INTO PLACE_CATE (PLACE_ID, PLACE_SUBCATE_ID) VALUES (44, 15);
INSERT INTO PLACE_CATE (PLACE_ID, PLACE_SUBCATE_ID) VALUES (45, 15);
INSERT INTO PLACE_CATE (PLACE_ID, PLACE_SUBCATE_ID) VALUES (46, 15);
INSERT INTO PLACE_CATE (PLACE_ID, PLACE_SUBCATE_ID) VALUES (47, 16);
INSERT INTO PLACE_CATE (PLACE_ID, PLACE_SUBCATE_ID) VALUES (48, 16);
INSERT INTO PLACE_CATE (PLACE_ID, PLACE_SUBCATE_ID) VALUES (49, 16);
INSERT INTO PLACE_CATE (PLACE_ID, PLACE_SUBCATE_ID) VALUES (50, 17);
INSERT INTO PLACE_CATE (PLACE_ID, PLACE_SUBCATE_ID) VALUES (51, 17);
INSERT INTO PLACE_CATE (PLACE_ID, PLACE_SUBCATE_ID) VALUES (52, 17);
INSERT INTO PLACE_CATE (PLACE_ID, PLACE_SUBCATE_ID) VALUES (53, 18);
INSERT INTO PLACE_CATE (PLACE_ID, PLACE_SUBCATE_ID) VALUES (54, 18);
INSERT INTO PLACE_CATE (PLACE_ID, PLACE_SUBCATE_ID) VALUES (55, 18);


INSERT INTO PLACE_KEYWORD (PLACE_ID, KEYWORD_ID) VALUES (1, 82);
INSERT INTO PLACE_KEYWORD (PLACE_ID, KEYWORD_ID) VALUES (1, 108);
INSERT INTO PLACE_KEYWORD (PLACE_ID, KEYWORD_ID) VALUES (1, 14);
INSERT INTO PLACE_KEYWORD (PLACE_ID, KEYWORD_ID) VALUES (1, 52);
INSERT INTO PLACE_KEYWORD (PLACE_ID, KEYWORD_ID) VALUES (1, 8);
INSERT INTO PLACE_KEYWORD (PLACE_ID, KEYWORD_ID) VALUES (1, 10);
INSERT INTO PLACE_KEYWORD (PLACE_ID, KEYWORD_ID) VALUES (1, 102);
INSERT INTO PLACE_KEYWORD (PLACE_ID, KEYWORD_ID) VALUES (1, 63);
INSERT INTO PLACE_KEYWORD (PLACE_ID, KEYWORD_ID) VALUES (1, 111);
INSERT INTO PLACE_KEYWORD (PLACE_ID, KEYWORD_ID) VALUES (1, 20);
INSERT INTO PLACE_KEYWORD (PLACE_ID, KEYWORD_ID) VALUES (1, 34);
INSERT INTO PLACE_KEYWORD (PLACE_ID, KEYWORD_ID) VALUES (1, 21);
INSERT INTO PLACE_KEYWORD (PLACE_ID, KEYWORD_ID) VALUES (1, 106);
INSERT INTO PLACE_KEYWORD (PLACE_ID, KEYWORD_ID) VALUES (1, 93);
INSERT INTO PLACE_KEYWORD (PLACE_ID, KEYWORD_ID) VALUES (1, 66);
INSERT INTO PLACE_KEYWORD (PLACE_ID, KEYWORD_ID) VALUES (1, 41);
INSERT INTO PLACE_KEYWORD (PLACE_ID, KEYWORD_ID) VALUES (1, 135);
INSERT INTO PLACE_KEYWORD (PLACE_ID, KEYWORD_ID) VALUES (1, 101);
INSERT INTO PLACE_KEYWORD (PLACE_ID, KEYWORD_ID) VALUES (1, 98);
INSERT INTO PLACE_KEYWORD (PLACE_ID, KEYWORD_ID) VALUES (1, 152);
INSERT INTO PLACE_KEYWORD (PLACE_ID, KEYWORD_ID) VALUES (1, 95);
INSERT INTO PLACE_KEYWORD (PLACE_ID, KEYWORD_ID) VALUES (2, 82);
INSERT INTO PLACE_KEYWORD (PLACE_ID, KEYWORD_ID) VALUES (2, 108);
INSERT INTO PLACE_KEYWORD (PLACE_ID, KEYWORD_ID) VALUES (2, 14);
INSERT INTO PLACE_KEYWORD (PLACE_ID, KEYWORD_ID) VALUES (2, 52);
INSERT INTO PLACE_KEYWORD (PLACE_ID, KEYWORD_ID) VALUES (2, 8);
INSERT INTO PLACE_KEYWORD (PLACE_ID, KEYWORD_ID) VALUES (2, 10);
INSERT INTO PLACE_KEYWORD (PLACE_ID, KEYWORD_ID) VALUES (2, 102);
INSERT INTO PLACE_KEYWORD (PLACE_ID, KEYWORD_ID) VALUES (2, 63);
INSERT INTO PLACE_KEYWORD (PLACE_ID, KEYWORD_ID) VALUES (2, 111);
INSERT INTO PLACE_KEYWORD (PLACE_ID, KEYWORD_ID) VALUES (2, 20);
INSERT INTO PLACE_KEYWORD (PLACE_ID, KEYWORD_ID) VALUES (2, 34);
INSERT INTO PLACE_KEYWORD (PLACE_ID, KEYWORD_ID) VALUES (2, 21);
INSERT INTO PLACE_KEYWORD (PLACE_ID, KEYWORD_ID) VALUES (2, 106);
INSERT INTO PLACE_KEYWORD (PLACE_ID, KEYWORD_ID) VALUES (2, 93);
INSERT INTO PLACE_KEYWORD (PLACE_ID, KEYWORD_ID) VALUES (2, 66);
INSERT INTO PLACE_KEYWORD (PLACE_ID, KEYWORD_ID) VALUES (2, 41);
INSERT INTO PLACE_KEYWORD (PLACE_ID, KEYWORD_ID) VALUES (2, 135);
INSERT INTO PLACE_KEYWORD (PLACE_ID, KEYWORD_ID) VALUES (2, 101);
INSERT INTO PLACE_KEYWORD (PLACE_ID, KEYWORD_ID) VALUES (2, 98);
INSERT INTO PLACE_KEYWORD (PLACE_ID, KEYWORD_ID) VALUES (2, 152);
INSERT INTO PLACE_KEYWORD (PLACE_ID, KEYWORD_ID) VALUES (2, 95);
INSERT INTO PLACE_KEYWORD (PLACE_ID, KEYWORD_ID) VALUES (3, 82);
INSERT INTO PLACE_KEYWORD (PLACE_ID, KEYWORD_ID) VALUES (3, 108);
INSERT INTO PLACE_KEYWORD (PLACE_ID, KEYWORD_ID) VALUES (3, 14);
INSERT INTO PLACE_KEYWORD (PLACE_ID, KEYWORD_ID) VALUES (3, 52);
INSERT INTO PLACE_KEYWORD (PLACE_ID, KEYWORD_ID) VALUES (3, 8);
INSERT INTO PLACE_KEYWORD (PLACE_ID, KEYWORD_ID) VALUES (3, 10);
INSERT INTO PLACE_KEYWORD (PLACE_ID, KEYWORD_ID) VALUES (3, 102);
INSERT INTO PLACE_KEYWORD (PLACE_ID, KEYWORD_ID) VALUES (3, 63);
INSERT INTO PLACE_KEYWORD (PLACE_ID, KEYWORD_ID) VALUES (3, 111);
INSERT INTO PLACE_KEYWORD (PLACE_ID, KEYWORD_ID) VALUES (3, 20);
INSERT INTO PLACE_KEYWORD (PLACE_ID, KEYWORD_ID) VALUES (3, 34);
INSERT INTO PLACE_KEYWORD (PLACE_ID, KEYWORD_ID) VALUES (3, 21);
INSERT INTO PLACE_KEYWORD (PLACE_ID, KEYWORD_ID) VALUES (3, 106);
INSERT INTO PLACE_KEYWORD (PLACE_ID, KEYWORD_ID) VALUES (3, 93);
INSERT INTO PLACE_KEYWORD (PLACE_ID, KEYWORD_ID) VALUES (3, 66);
INSERT INTO PLACE_KEYWORD (PLACE_ID, KEYWORD_ID) VALUES (3, 41);
INSERT INTO PLACE_KEYWORD (PLACE_ID, KEYWORD_ID) VALUES (3, 135);
INSERT INTO PLACE_KEYWORD (PLACE_ID, KEYWORD_ID) VALUES (3, 101);
INSERT INTO PLACE_KEYWORD (PLACE_ID, KEYWORD_ID) VALUES (3, 98);
INSERT INTO PLACE_KEYWORD (PLACE_ID, KEYWORD_ID) VALUES (3, 152);
INSERT INTO PLACE_KEYWORD (PLACE_ID, KEYWORD_ID) VALUES (3, 95);
INSERT INTO PLACE_KEYWORD (PLACE_ID, KEYWORD_ID) VALUES (4, 82);
INSERT INTO PLACE_KEYWORD (PLACE_ID, KEYWORD_ID) VALUES (4, 108);
INSERT INTO PLACE_KEYWORD (PLACE_ID, KEYWORD_ID) VALUES (4, 14);
INSERT INTO PLACE_KEYWORD (PLACE_ID, KEYWORD_ID) VALUES (4, 52);
INSERT INTO PLACE_KEYWORD (PLACE_ID, KEYWORD_ID) VALUES (4, 8);
INSERT INTO PLACE_KEYWORD (PLACE_ID, KEYWORD_ID) VALUES (4, 10);
INSERT INTO PLACE_KEYWORD (PLACE_ID, KEYWORD_ID) VALUES (4, 102);
INSERT INTO PLACE_KEYWORD (PLACE_ID, KEYWORD_ID) VALUES (4, 63);
INSERT INTO PLACE_KEYWORD (PLACE_ID, KEYWORD_ID) VALUES (4, 111);
INSERT INTO PLACE_KEYWORD (PLACE_ID, KEYWORD_ID) VALUES (4, 20);
INSERT INTO PLACE_KEYWORD (PLACE_ID, KEYWORD_ID) VALUES (4, 34);
INSERT INTO PLACE_KEYWORD (PLACE_ID, KEYWORD_ID) VALUES (4, 66);
INSERT INTO PLACE_KEYWORD (PLACE_ID, KEYWORD_ID) VALUES (4, 101);
INSERT INTO PLACE_KEYWORD (PLACE_ID, KEYWORD_ID) VALUES (4, 95);
INSERT INTO PLACE_KEYWORD (PLACE_ID, KEYWORD_ID) VALUES (5, 82);
INSERT INTO PLACE_KEYWORD (PLACE_ID, KEYWORD_ID) VALUES (5, 108);
INSERT INTO PLACE_KEYWORD (PLACE_ID, KEYWORD_ID) VALUES (5, 14);
INSERT INTO PLACE_KEYWORD (PLACE_ID, KEYWORD_ID) VALUES (5, 52);
INSERT INTO PLACE_KEYWORD (PLACE_ID, KEYWORD_ID) VALUES (5, 8);
INSERT INTO PLACE_KEYWORD (PLACE_ID, KEYWORD_ID) VALUES (5, 10);
INSERT INTO PLACE_KEYWORD (PLACE_ID, KEYWORD_ID) VALUES (5, 102);
INSERT INTO PLACE_KEYWORD (PLACE_ID, KEYWORD_ID) VALUES (5, 63);
INSERT INTO PLACE_KEYWORD (PLACE_ID, KEYWORD_ID) VALUES (5, 111);
INSERT INTO PLACE_KEYWORD (PLACE_ID, KEYWORD_ID) VALUES (5, 20);
INSERT INTO PLACE_KEYWORD (PLACE_ID, KEYWORD_ID) VALUES (5, 34);
INSERT INTO PLACE_KEYWORD (PLACE_ID, KEYWORD_ID) VALUES (5, 66);
INSERT INTO PLACE_KEYWORD (PLACE_ID, KEYWORD_ID) VALUES (5, 101);
INSERT INTO PLACE_KEYWORD (PLACE_ID, KEYWORD_ID) VALUES (5, 95);
INSERT INTO PLACE_KEYWORD (PLACE_ID, KEYWORD_ID) VALUES (6, 82);
INSERT INTO PLACE_KEYWORD (PLACE_ID, KEYWORD_ID) VALUES (6, 108);
INSERT INTO PLACE_KEYWORD (PLACE_ID, KEYWORD_ID) VALUES (6, 14);
INSERT INTO PLACE_KEYWORD (PLACE_ID, KEYWORD_ID) VALUES (6, 52);
INSERT INTO PLACE_KEYWORD (PLACE_ID, KEYWORD_ID) VALUES (6, 8);
INSERT INTO PLACE_KEYWORD (PLACE_ID, KEYWORD_ID) VALUES (6, 10);
INSERT INTO PLACE_KEYWORD (PLACE_ID, KEYWORD_ID) VALUES (6, 102);
INSERT INTO PLACE_KEYWORD (PLACE_ID, KEYWORD_ID) VALUES (6, 63);
INSERT INTO PLACE_KEYWORD (PLACE_ID, KEYWORD_ID) VALUES (6, 111);
INSERT INTO PLACE_KEYWORD (PLACE_ID, KEYWORD_ID) VALUES (6, 20);
INSERT INTO PLACE_KEYWORD (PLACE_ID, KEYWORD_ID) VALUES (6, 34);
INSERT INTO PLACE_KEYWORD (PLACE_ID, KEYWORD_ID) VALUES (6, 66);
INSERT INTO PLACE_KEYWORD (PLACE_ID, KEYWORD_ID) VALUES (6, 101);
INSERT INTO PLACE_KEYWORD (PLACE_ID, KEYWORD_ID) VALUES (6, 95);
INSERT INTO PLACE_KEYWORD (PLACE_ID, KEYWORD_ID) VALUES (7, 82);
INSERT INTO PLACE_KEYWORD (PLACE_ID, KEYWORD_ID) VALUES (7, 108);
INSERT INTO PLACE_KEYWORD (PLACE_ID, KEYWORD_ID) VALUES (7, 14);
INSERT INTO PLACE_KEYWORD (PLACE_ID, KEYWORD_ID) VALUES (7, 52);
INSERT INTO PLACE_KEYWORD (PLACE_ID, KEYWORD_ID) VALUES (7, 8);
INSERT INTO PLACE_KEYWORD (PLACE_ID, KEYWORD_ID) VALUES (7, 10);
INSERT INTO PLACE_KEYWORD (PLACE_ID, KEYWORD_ID) VALUES (7, 102);
INSERT INTO PLACE_KEYWORD (PLACE_ID, KEYWORD_ID) VALUES (7, 63);
INSERT INTO PLACE_KEYWORD (PLACE_ID, KEYWORD_ID) VALUES (7, 111);
INSERT INTO PLACE_KEYWORD (PLACE_ID, KEYWORD_ID) VALUES (7, 20);
INSERT INTO PLACE_KEYWORD (PLACE_ID, KEYWORD_ID) VALUES (7, 34);
INSERT INTO PLACE_KEYWORD (PLACE_ID, KEYWORD_ID) VALUES (7, 21);
INSERT INTO PLACE_KEYWORD (PLACE_ID, KEYWORD_ID) VALUES (7, 144);
INSERT INTO PLACE_KEYWORD (PLACE_ID, KEYWORD_ID) VALUES (7, 139);
INSERT INTO PLACE_KEYWORD (PLACE_ID, KEYWORD_ID) VALUES (7, 72);
INSERT INTO PLACE_KEYWORD (PLACE_ID, KEYWORD_ID) VALUES (7, 134);
INSERT INTO PLACE_KEYWORD (PLACE_ID, KEYWORD_ID) VALUES (7, 135);
INSERT INTO PLACE_KEYWORD (PLACE_ID, KEYWORD_ID) VALUES (7, 13);
INSERT INTO PLACE_KEYWORD (PLACE_ID, KEYWORD_ID) VALUES (7, 101);
INSERT INTO PLACE_KEYWORD (PLACE_ID, KEYWORD_ID) VALUES (7, 150);
INSERT INTO PLACE_KEYWORD (PLACE_ID, KEYWORD_ID) VALUES (7, 117);
INSERT INTO PLACE_KEYWORD (PLACE_ID, KEYWORD_ID) VALUES (7, 96);
INSERT INTO PLACE_KEYWORD (PLACE_ID, KEYWORD_ID) VALUES (7, 33);
INSERT INTO PLACE_KEYWORD (PLACE_ID, KEYWORD_ID) VALUES (7, 83);
INSERT INTO PLACE_KEYWORD (PLACE_ID, KEYWORD_ID) VALUES (7, 142);
INSERT INTO PLACE_KEYWORD (PLACE_ID, KEYWORD_ID) VALUES (7, 53);
INSERT INTO PLACE_KEYWORD (PLACE_ID, KEYWORD_ID) VALUES (7, 36);
INSERT INTO PLACE_KEYWORD (PLACE_ID, KEYWORD_ID) VALUES (8, 82);
INSERT INTO PLACE_KEYWORD (PLACE_ID, KEYWORD_ID) VALUES (8, 108);
INSERT INTO PLACE_KEYWORD (PLACE_ID, KEYWORD_ID) VALUES (8, 14);
INSERT INTO PLACE_KEYWORD (PLACE_ID, KEYWORD_ID) VALUES (8, 52);
INSERT INTO PLACE_KEYWORD (PLACE_ID, KEYWORD_ID) VALUES (8, 8);
INSERT INTO PLACE_KEYWORD (PLACE_ID, KEYWORD_ID) VALUES (8, 10);
INSERT INTO PLACE_KEYWORD (PLACE_ID, KEYWORD_ID) VALUES (8, 102);
INSERT INTO PLACE_KEYWORD (PLACE_ID, KEYWORD_ID) VALUES (8, 63);
INSERT INTO PLACE_KEYWORD (PLACE_ID, KEYWORD_ID) VALUES (8, 111);
INSERT INTO PLACE_KEYWORD (PLACE_ID, KEYWORD_ID) VALUES (8, 20);
INSERT INTO PLACE_KEYWORD (PLACE_ID, KEYWORD_ID) VALUES (8, 34);
INSERT INTO PLACE_KEYWORD (PLACE_ID, KEYWORD_ID) VALUES (8, 21);
INSERT INTO PLACE_KEYWORD (PLACE_ID, KEYWORD_ID) VALUES (8, 144);
INSERT INTO PLACE_KEYWORD (PLACE_ID, KEYWORD_ID) VALUES (8, 139);
INSERT INTO PLACE_KEYWORD (PLACE_ID, KEYWORD_ID) VALUES (8, 72);
INSERT INTO PLACE_KEYWORD (PLACE_ID, KEYWORD_ID) VALUES (8, 134);
INSERT INTO PLACE_KEYWORD (PLACE_ID, KEYWORD_ID) VALUES (8, 135);
INSERT INTO PLACE_KEYWORD (PLACE_ID, KEYWORD_ID) VALUES (8, 13);
INSERT INTO PLACE_KEYWORD (PLACE_ID, KEYWORD_ID) VALUES (8, 101);
INSERT INTO PLACE_KEYWORD (PLACE_ID, KEYWORD_ID) VALUES (8, 150);
INSERT INTO PLACE_KEYWORD (PLACE_ID, KEYWORD_ID) VALUES (8, 117);
INSERT INTO PLACE_KEYWORD (PLACE_ID, KEYWORD_ID) VALUES (8, 96);
INSERT INTO PLACE_KEYWORD (PLACE_ID, KEYWORD_ID) VALUES (8, 33);
INSERT INTO PLACE_KEYWORD (PLACE_ID, KEYWORD_ID) VALUES (8, 83);
INSERT INTO PLACE_KEYWORD (PLACE_ID, KEYWORD_ID) VALUES (8, 142);
INSERT INTO PLACE_KEYWORD (PLACE_ID, KEYWORD_ID) VALUES (8, 53);
INSERT INTO PLACE_KEYWORD (PLACE_ID, KEYWORD_ID) VALUES (8, 36);
INSERT INTO PLACE_KEYWORD (PLACE_ID, KEYWORD_ID) VALUES (9, 82);
INSERT INTO PLACE_KEYWORD (PLACE_ID, KEYWORD_ID) VALUES (9, 108);
INSERT INTO PLACE_KEYWORD (PLACE_ID, KEYWORD_ID) VALUES (9, 14);
INSERT INTO PLACE_KEYWORD (PLACE_ID, KEYWORD_ID) VALUES (9, 52);
INSERT INTO PLACE_KEYWORD (PLACE_ID, KEYWORD_ID) VALUES (9, 8);
INSERT INTO PLACE_KEYWORD (PLACE_ID, KEYWORD_ID) VALUES (9, 10);
INSERT INTO PLACE_KEYWORD (PLACE_ID, KEYWORD_ID) VALUES (9, 102);
INSERT INTO PLACE_KEYWORD (PLACE_ID, KEYWORD_ID) VALUES (9, 63);
INSERT INTO PLACE_KEYWORD (PLACE_ID, KEYWORD_ID) VALUES (9, 111);
INSERT INTO PLACE_KEYWORD (PLACE_ID, KEYWORD_ID) VALUES (9, 20);
INSERT INTO PLACE_KEYWORD (PLACE_ID, KEYWORD_ID) VALUES (9, 34);
INSERT INTO PLACE_KEYWORD (PLACE_ID, KEYWORD_ID) VALUES (9, 21);
INSERT INTO PLACE_KEYWORD (PLACE_ID, KEYWORD_ID) VALUES (9, 144);
INSERT INTO PLACE_KEYWORD (PLACE_ID, KEYWORD_ID) VALUES (9, 139);
INSERT INTO PLACE_KEYWORD (PLACE_ID, KEYWORD_ID) VALUES (9, 72);
INSERT INTO PLACE_KEYWORD (PLACE_ID, KEYWORD_ID) VALUES (9, 134);
INSERT INTO PLACE_KEYWORD (PLACE_ID, KEYWORD_ID) VALUES (9, 135);
INSERT INTO PLACE_KEYWORD (PLACE_ID, KEYWORD_ID) VALUES (9, 13);
INSERT INTO PLACE_KEYWORD (PLACE_ID, KEYWORD_ID) VALUES (9, 101);
INSERT INTO PLACE_KEYWORD (PLACE_ID, KEYWORD_ID) VALUES (9, 150);
INSERT INTO PLACE_KEYWORD (PLACE_ID, KEYWORD_ID) VALUES (9, 117);
INSERT INTO PLACE_KEYWORD (PLACE_ID, KEYWORD_ID) VALUES (9, 96);
INSERT INTO PLACE_KEYWORD (PLACE_ID, KEYWORD_ID) VALUES (9, 33);
INSERT INTO PLACE_KEYWORD (PLACE_ID, KEYWORD_ID) VALUES (9, 83);
INSERT INTO PLACE_KEYWORD (PLACE_ID, KEYWORD_ID) VALUES (9, 142);
INSERT INTO PLACE_KEYWORD (PLACE_ID, KEYWORD_ID) VALUES (9, 53);
INSERT INTO PLACE_KEYWORD (PLACE_ID, KEYWORD_ID) VALUES (9, 36);
INSERT INTO PLACE_KEYWORD (PLACE_ID, KEYWORD_ID) VALUES (10, 82);
INSERT INTO PLACE_KEYWORD (PLACE_ID, KEYWORD_ID) VALUES (10, 108);
INSERT INTO PLACE_KEYWORD (PLACE_ID, KEYWORD_ID) VALUES (10, 14);
INSERT INTO PLACE_KEYWORD (PLACE_ID, KEYWORD_ID) VALUES (10, 52);
INSERT INTO PLACE_KEYWORD (PLACE_ID, KEYWORD_ID) VALUES (10, 8);
INSERT INTO PLACE_KEYWORD (PLACE_ID, KEYWORD_ID) VALUES (10, 10);
INSERT INTO PLACE_KEYWORD (PLACE_ID, KEYWORD_ID) VALUES (10, 102);
INSERT INTO PLACE_KEYWORD (PLACE_ID, KEYWORD_ID) VALUES (10, 63);
INSERT INTO PLACE_KEYWORD (PLACE_ID, KEYWORD_ID) VALUES (10, 111);
INSERT INTO PLACE_KEYWORD (PLACE_ID, KEYWORD_ID) VALUES (10, 20);
INSERT INTO PLACE_KEYWORD (PLACE_ID, KEYWORD_ID) VALUES (10, 34);
INSERT INTO PLACE_KEYWORD (PLACE_ID, KEYWORD_ID) VALUES (10, 67);
INSERT INTO PLACE_KEYWORD (PLACE_ID, KEYWORD_ID) VALUES (10, 4);
INSERT INTO PLACE_KEYWORD (PLACE_ID, KEYWORD_ID) VALUES (10, 11);
INSERT INTO PLACE_KEYWORD (PLACE_ID, KEYWORD_ID) VALUES (10, 76);
INSERT INTO PLACE_KEYWORD (PLACE_ID, KEYWORD_ID) VALUES (10, 118);
INSERT INTO PLACE_KEYWORD (PLACE_ID, KEYWORD_ID) VALUES (10, 40);
INSERT INTO PLACE_KEYWORD (PLACE_ID, KEYWORD_ID) VALUES (10, 32);
INSERT INTO PLACE_KEYWORD (PLACE_ID, KEYWORD_ID) VALUES (11, 82);
INSERT INTO PLACE_KEYWORD (PLACE_ID, KEYWORD_ID) VALUES (11, 108);
INSERT INTO PLACE_KEYWORD (PLACE_ID, KEYWORD_ID) VALUES (11, 14);
INSERT INTO PLACE_KEYWORD (PLACE_ID, KEYWORD_ID) VALUES (11, 52);
INSERT INTO PLACE_KEYWORD (PLACE_ID, KEYWORD_ID) VALUES (11, 8);
INSERT INTO PLACE_KEYWORD (PLACE_ID, KEYWORD_ID) VALUES (11, 10);
INSERT INTO PLACE_KEYWORD (PLACE_ID, KEYWORD_ID) VALUES (11, 102);
INSERT INTO PLACE_KEYWORD (PLACE_ID, KEYWORD_ID) VALUES (11, 63);
INSERT INTO PLACE_KEYWORD (PLACE_ID, KEYWORD_ID) VALUES (11, 111);
INSERT INTO PLACE_KEYWORD (PLACE_ID, KEYWORD_ID) VALUES (11, 20);
INSERT INTO PLACE_KEYWORD (PLACE_ID, KEYWORD_ID) VALUES (11, 34);
INSERT INTO PLACE_KEYWORD (PLACE_ID, KEYWORD_ID) VALUES (11, 67);
INSERT INTO PLACE_KEYWORD (PLACE_ID, KEYWORD_ID) VALUES (11, 4);
INSERT INTO PLACE_KEYWORD (PLACE_ID, KEYWORD_ID) VALUES (11, 11);
INSERT INTO PLACE_KEYWORD (PLACE_ID, KEYWORD_ID) VALUES (11, 76);
INSERT INTO PLACE_KEYWORD (PLACE_ID, KEYWORD_ID) VALUES (11, 118);
INSERT INTO PLACE_KEYWORD (PLACE_ID, KEYWORD_ID) VALUES (11, 40);
INSERT INTO PLACE_KEYWORD (PLACE_ID, KEYWORD_ID) VALUES (11, 32);
INSERT INTO PLACE_KEYWORD (PLACE_ID, KEYWORD_ID) VALUES (12, 82);
INSERT INTO PLACE_KEYWORD (PLACE_ID, KEYWORD_ID) VALUES (12, 108);
INSERT INTO PLACE_KEYWORD (PLACE_ID, KEYWORD_ID) VALUES (12, 14);
INSERT INTO PLACE_KEYWORD (PLACE_ID, KEYWORD_ID) VALUES (12, 52);
INSERT INTO PLACE_KEYWORD (PLACE_ID, KEYWORD_ID) VALUES (12, 8);
INSERT INTO PLACE_KEYWORD (PLACE_ID, KEYWORD_ID) VALUES (12, 10);
INSERT INTO PLACE_KEYWORD (PLACE_ID, KEYWORD_ID) VALUES (12, 102);
INSERT INTO PLACE_KEYWORD (PLACE_ID, KEYWORD_ID) VALUES (12, 63);
INSERT INTO PLACE_KEYWORD (PLACE_ID, KEYWORD_ID) VALUES (12, 111);
INSERT INTO PLACE_KEYWORD (PLACE_ID, KEYWORD_ID) VALUES (12, 20);
INSERT INTO PLACE_KEYWORD (PLACE_ID, KEYWORD_ID) VALUES (12, 34);
INSERT INTO PLACE_KEYWORD (PLACE_ID, KEYWORD_ID) VALUES (12, 67);
INSERT INTO PLACE_KEYWORD (PLACE_ID, KEYWORD_ID) VALUES (12, 4);
INSERT INTO PLACE_KEYWORD (PLACE_ID, KEYWORD_ID) VALUES (12, 11);
INSERT INTO PLACE_KEYWORD (PLACE_ID, KEYWORD_ID) VALUES (12, 76);
INSERT INTO PLACE_KEYWORD (PLACE_ID, KEYWORD_ID) VALUES (12, 118);
INSERT INTO PLACE_KEYWORD (PLACE_ID, KEYWORD_ID) VALUES (12, 40);
INSERT INTO PLACE_KEYWORD (PLACE_ID, KEYWORD_ID) VALUES (12, 32);
INSERT INTO PLACE_KEYWORD (PLACE_ID, KEYWORD_ID) VALUES (13, 54);
INSERT INTO PLACE_KEYWORD (PLACE_ID, KEYWORD_ID) VALUES (13, 58);
INSERT INTO PLACE_KEYWORD (PLACE_ID, KEYWORD_ID) VALUES (13, 25);
INSERT INTO PLACE_KEYWORD (PLACE_ID, KEYWORD_ID) VALUES (13, 37);
INSERT INTO PLACE_KEYWORD (PLACE_ID, KEYWORD_ID) VALUES (13, 78);
INSERT INTO PLACE_KEYWORD (PLACE_ID, KEYWORD_ID) VALUES (13, 64);
INSERT INTO PLACE_KEYWORD (PLACE_ID, KEYWORD_ID) VALUES (13, 22);
INSERT INTO PLACE_KEYWORD (PLACE_ID, KEYWORD_ID) VALUES (13, 74);
INSERT INTO PLACE_KEYWORD (PLACE_ID, KEYWORD_ID) VALUES (13, 23);
INSERT INTO PLACE_KEYWORD (PLACE_ID, KEYWORD_ID) VALUES (13, 133);
INSERT INTO PLACE_KEYWORD (PLACE_ID, KEYWORD_ID) VALUES (13, 116);
INSERT INTO PLACE_KEYWORD (PLACE_ID, KEYWORD_ID) VALUES (13, 86);
INSERT INTO PLACE_KEYWORD (PLACE_ID, KEYWORD_ID) VALUES (14, 54);
INSERT INTO PLACE_KEYWORD (PLACE_ID, KEYWORD_ID) VALUES (14, 58);
INSERT INTO PLACE_KEYWORD (PLACE_ID, KEYWORD_ID) VALUES (14, 25);
INSERT INTO PLACE_KEYWORD (PLACE_ID, KEYWORD_ID) VALUES (14, 37);
INSERT INTO PLACE_KEYWORD (PLACE_ID, KEYWORD_ID) VALUES (14, 78);
INSERT INTO PLACE_KEYWORD (PLACE_ID, KEYWORD_ID) VALUES (14, 64);
INSERT INTO PLACE_KEYWORD (PLACE_ID, KEYWORD_ID) VALUES (14, 22);
INSERT INTO PLACE_KEYWORD (PLACE_ID, KEYWORD_ID) VALUES (14, 74);
INSERT INTO PLACE_KEYWORD (PLACE_ID, KEYWORD_ID) VALUES (14, 23);
INSERT INTO PLACE_KEYWORD (PLACE_ID, KEYWORD_ID) VALUES (14, 133);
INSERT INTO PLACE_KEYWORD (PLACE_ID, KEYWORD_ID) VALUES (14, 116);
INSERT INTO PLACE_KEYWORD (PLACE_ID, KEYWORD_ID) VALUES (14, 86);
INSERT INTO PLACE_KEYWORD (PLACE_ID, KEYWORD_ID) VALUES (15, 54);
INSERT INTO PLACE_KEYWORD (PLACE_ID, KEYWORD_ID) VALUES (15, 58);
INSERT INTO PLACE_KEYWORD (PLACE_ID, KEYWORD_ID) VALUES (15, 25);
INSERT INTO PLACE_KEYWORD (PLACE_ID, KEYWORD_ID) VALUES (15, 37);
INSERT INTO PLACE_KEYWORD (PLACE_ID, KEYWORD_ID) VALUES (15, 78);
INSERT INTO PLACE_KEYWORD (PLACE_ID, KEYWORD_ID) VALUES (15, 64);
INSERT INTO PLACE_KEYWORD (PLACE_ID, KEYWORD_ID) VALUES (15, 22);
INSERT INTO PLACE_KEYWORD (PLACE_ID, KEYWORD_ID) VALUES (15, 74);
INSERT INTO PLACE_KEYWORD (PLACE_ID, KEYWORD_ID) VALUES (15, 23);
INSERT INTO PLACE_KEYWORD (PLACE_ID, KEYWORD_ID) VALUES (15, 133);
INSERT INTO PLACE_KEYWORD (PLACE_ID, KEYWORD_ID) VALUES (15, 116);
INSERT INTO PLACE_KEYWORD (PLACE_ID, KEYWORD_ID) VALUES (15, 86);
INSERT INTO PLACE_KEYWORD (PLACE_ID, KEYWORD_ID) VALUES (16, 54);
INSERT INTO PLACE_KEYWORD (PLACE_ID, KEYWORD_ID) VALUES (16, 58);
INSERT INTO PLACE_KEYWORD (PLACE_ID, KEYWORD_ID) VALUES (16, 25);
INSERT INTO PLACE_KEYWORD (PLACE_ID, KEYWORD_ID) VALUES (16, 37);
INSERT INTO PLACE_KEYWORD (PLACE_ID, KEYWORD_ID) VALUES (16, 78);
INSERT INTO PLACE_KEYWORD (PLACE_ID, KEYWORD_ID) VALUES (16, 64);
INSERT INTO PLACE_KEYWORD (PLACE_ID, KEYWORD_ID) VALUES (16, 85);
INSERT INTO PLACE_KEYWORD (PLACE_ID, KEYWORD_ID) VALUES (16, 109);
INSERT INTO PLACE_KEYWORD (PLACE_ID, KEYWORD_ID) VALUES (16, 103);
INSERT INTO PLACE_KEYWORD (PLACE_ID, KEYWORD_ID) VALUES (17, 54);
INSERT INTO PLACE_KEYWORD (PLACE_ID, KEYWORD_ID) VALUES (17, 58);
INSERT INTO PLACE_KEYWORD (PLACE_ID, KEYWORD_ID) VALUES (17, 25);
INSERT INTO PLACE_KEYWORD (PLACE_ID, KEYWORD_ID) VALUES (17, 37);
INSERT INTO PLACE_KEYWORD (PLACE_ID, KEYWORD_ID) VALUES (17, 78);
INSERT INTO PLACE_KEYWORD (PLACE_ID, KEYWORD_ID) VALUES (17, 64);
INSERT INTO PLACE_KEYWORD (PLACE_ID, KEYWORD_ID) VALUES (17, 85);
INSERT INTO PLACE_KEYWORD (PLACE_ID, KEYWORD_ID) VALUES (17, 109);
INSERT INTO PLACE_KEYWORD (PLACE_ID, KEYWORD_ID) VALUES (17, 103);
INSERT INTO PLACE_KEYWORD (PLACE_ID, KEYWORD_ID) VALUES (18, 54);
INSERT INTO PLACE_KEYWORD (PLACE_ID, KEYWORD_ID) VALUES (18, 58);
INSERT INTO PLACE_KEYWORD (PLACE_ID, KEYWORD_ID) VALUES (18, 25);
INSERT INTO PLACE_KEYWORD (PLACE_ID, KEYWORD_ID) VALUES (18, 37);
INSERT INTO PLACE_KEYWORD (PLACE_ID, KEYWORD_ID) VALUES (18, 78);
INSERT INTO PLACE_KEYWORD (PLACE_ID, KEYWORD_ID) VALUES (18, 64);
INSERT INTO PLACE_KEYWORD (PLACE_ID, KEYWORD_ID) VALUES (18, 85);
INSERT INTO PLACE_KEYWORD (PLACE_ID, KEYWORD_ID) VALUES (18, 109);
INSERT INTO PLACE_KEYWORD (PLACE_ID, KEYWORD_ID) VALUES (18, 103);
INSERT INTO PLACE_KEYWORD (PLACE_ID, KEYWORD_ID) VALUES (19, 54);
INSERT INTO PLACE_KEYWORD (PLACE_ID, KEYWORD_ID) VALUES (19, 58);
INSERT INTO PLACE_KEYWORD (PLACE_ID, KEYWORD_ID) VALUES (19, 25);
INSERT INTO PLACE_KEYWORD (PLACE_ID, KEYWORD_ID) VALUES (19, 37);
INSERT INTO PLACE_KEYWORD (PLACE_ID, KEYWORD_ID) VALUES (19, 78);
INSERT INTO PLACE_KEYWORD (PLACE_ID, KEYWORD_ID) VALUES (19, 64);
INSERT INTO PLACE_KEYWORD (PLACE_ID, KEYWORD_ID) VALUES (19, 85);
INSERT INTO PLACE_KEYWORD (PLACE_ID, KEYWORD_ID) VALUES (19, 109);
INSERT INTO PLACE_KEYWORD (PLACE_ID, KEYWORD_ID) VALUES (19, 103);
INSERT INTO PLACE_KEYWORD (PLACE_ID, KEYWORD_ID) VALUES (20, 54);
INSERT INTO PLACE_KEYWORD (PLACE_ID, KEYWORD_ID) VALUES (20, 58);
INSERT INTO PLACE_KEYWORD (PLACE_ID, KEYWORD_ID) VALUES (20, 25);
INSERT INTO PLACE_KEYWORD (PLACE_ID, KEYWORD_ID) VALUES (20, 37);
INSERT INTO PLACE_KEYWORD (PLACE_ID, KEYWORD_ID) VALUES (20, 78);
INSERT INTO PLACE_KEYWORD (PLACE_ID, KEYWORD_ID) VALUES (20, 64);
INSERT INTO PLACE_KEYWORD (PLACE_ID, KEYWORD_ID) VALUES (20, 65);
INSERT INTO PLACE_KEYWORD (PLACE_ID, KEYWORD_ID) VALUES (20, 129);
INSERT INTO PLACE_KEYWORD (PLACE_ID, KEYWORD_ID) VALUES (20, 16);
INSERT INTO PLACE_KEYWORD (PLACE_ID, KEYWORD_ID) VALUES (20, 124);
INSERT INTO PLACE_KEYWORD (PLACE_ID, KEYWORD_ID) VALUES (21, 54);
INSERT INTO PLACE_KEYWORD (PLACE_ID, KEYWORD_ID) VALUES (21, 58);
INSERT INTO PLACE_KEYWORD (PLACE_ID, KEYWORD_ID) VALUES (21, 25);
INSERT INTO PLACE_KEYWORD (PLACE_ID, KEYWORD_ID) VALUES (21, 37);
INSERT INTO PLACE_KEYWORD (PLACE_ID, KEYWORD_ID) VALUES (21, 78);
INSERT INTO PLACE_KEYWORD (PLACE_ID, KEYWORD_ID) VALUES (21, 64);
INSERT INTO PLACE_KEYWORD (PLACE_ID, KEYWORD_ID) VALUES (21, 65);
INSERT INTO PLACE_KEYWORD (PLACE_ID, KEYWORD_ID) VALUES (21, 129);
INSERT INTO PLACE_KEYWORD (PLACE_ID, KEYWORD_ID) VALUES (21, 16);
INSERT INTO PLACE_KEYWORD (PLACE_ID, KEYWORD_ID) VALUES (21, 124);
INSERT INTO PLACE_KEYWORD (PLACE_ID, KEYWORD_ID) VALUES (22, 54);
INSERT INTO PLACE_KEYWORD (PLACE_ID, KEYWORD_ID) VALUES (22, 58);
INSERT INTO PLACE_KEYWORD (PLACE_ID, KEYWORD_ID) VALUES (22, 25);
INSERT INTO PLACE_KEYWORD (PLACE_ID, KEYWORD_ID) VALUES (22, 37);
INSERT INTO PLACE_KEYWORD (PLACE_ID, KEYWORD_ID) VALUES (22, 78);
INSERT INTO PLACE_KEYWORD (PLACE_ID, KEYWORD_ID) VALUES (22, 64);
INSERT INTO PLACE_KEYWORD (PLACE_ID, KEYWORD_ID) VALUES (22, 65);
INSERT INTO PLACE_KEYWORD (PLACE_ID, KEYWORD_ID) VALUES (22, 129);
INSERT INTO PLACE_KEYWORD (PLACE_ID, KEYWORD_ID) VALUES (22, 16);
INSERT INTO PLACE_KEYWORD (PLACE_ID, KEYWORD_ID) VALUES (22, 124);
INSERT INTO PLACE_KEYWORD (PLACE_ID, KEYWORD_ID) VALUES (23, 54);
INSERT INTO PLACE_KEYWORD (PLACE_ID, KEYWORD_ID) VALUES (23, 58);
INSERT INTO PLACE_KEYWORD (PLACE_ID, KEYWORD_ID) VALUES (23, 25);
INSERT INTO PLACE_KEYWORD (PLACE_ID, KEYWORD_ID) VALUES (23, 37);
INSERT INTO PLACE_KEYWORD (PLACE_ID, KEYWORD_ID) VALUES (23, 78);
INSERT INTO PLACE_KEYWORD (PLACE_ID, KEYWORD_ID) VALUES (23, 64);
INSERT INTO PLACE_KEYWORD (PLACE_ID, KEYWORD_ID) VALUES (23, 6);
INSERT INTO PLACE_KEYWORD (PLACE_ID, KEYWORD_ID) VALUES (23, 75);
INSERT INTO PLACE_KEYWORD (PLACE_ID, KEYWORD_ID) VALUES (23, 151);
INSERT INTO PLACE_KEYWORD (PLACE_ID, KEYWORD_ID) VALUES (23, 48);
INSERT INTO PLACE_KEYWORD (PLACE_ID, KEYWORD_ID) VALUES (23, 138);
INSERT INTO PLACE_KEYWORD (PLACE_ID, KEYWORD_ID) VALUES (23, 91);
INSERT INTO PLACE_KEYWORD (PLACE_ID, KEYWORD_ID) VALUES (24, 54);
INSERT INTO PLACE_KEYWORD (PLACE_ID, KEYWORD_ID) VALUES (24, 58);
INSERT INTO PLACE_KEYWORD (PLACE_ID, KEYWORD_ID) VALUES (24, 25);
INSERT INTO PLACE_KEYWORD (PLACE_ID, KEYWORD_ID) VALUES (24, 37);
INSERT INTO PLACE_KEYWORD (PLACE_ID, KEYWORD_ID) VALUES (24, 78);
INSERT INTO PLACE_KEYWORD (PLACE_ID, KEYWORD_ID) VALUES (24, 64);
INSERT INTO PLACE_KEYWORD (PLACE_ID, KEYWORD_ID) VALUES (24, 6);
INSERT INTO PLACE_KEYWORD (PLACE_ID, KEYWORD_ID) VALUES (24, 75);
INSERT INTO PLACE_KEYWORD (PLACE_ID, KEYWORD_ID) VALUES (24, 151);
INSERT INTO PLACE_KEYWORD (PLACE_ID, KEYWORD_ID) VALUES (24, 48);
INSERT INTO PLACE_KEYWORD (PLACE_ID, KEYWORD_ID) VALUES (24, 138);
INSERT INTO PLACE_KEYWORD (PLACE_ID, KEYWORD_ID) VALUES (24, 91);
INSERT INTO PLACE_KEYWORD (PLACE_ID, KEYWORD_ID) VALUES (25, 54);
INSERT INTO PLACE_KEYWORD (PLACE_ID, KEYWORD_ID) VALUES (25, 58);
INSERT INTO PLACE_KEYWORD (PLACE_ID, KEYWORD_ID) VALUES (25, 25);
INSERT INTO PLACE_KEYWORD (PLACE_ID, KEYWORD_ID) VALUES (25, 37);
INSERT INTO PLACE_KEYWORD (PLACE_ID, KEYWORD_ID) VALUES (25, 78);
INSERT INTO PLACE_KEYWORD (PLACE_ID, KEYWORD_ID) VALUES (25, 64);
INSERT INTO PLACE_KEYWORD (PLACE_ID, KEYWORD_ID) VALUES (25, 6);
INSERT INTO PLACE_KEYWORD (PLACE_ID, KEYWORD_ID) VALUES (25, 75);
INSERT INTO PLACE_KEYWORD (PLACE_ID, KEYWORD_ID) VALUES (25, 151);
INSERT INTO PLACE_KEYWORD (PLACE_ID, KEYWORD_ID) VALUES (25, 48);
INSERT INTO PLACE_KEYWORD (PLACE_ID, KEYWORD_ID) VALUES (25, 138);
INSERT INTO PLACE_KEYWORD (PLACE_ID, KEYWORD_ID) VALUES (25, 91);
INSERT INTO PLACE_KEYWORD (PLACE_ID, KEYWORD_ID) VALUES (26, 54);
INSERT INTO PLACE_KEYWORD (PLACE_ID, KEYWORD_ID) VALUES (26, 58);
INSERT INTO PLACE_KEYWORD (PLACE_ID, KEYWORD_ID) VALUES (26, 25);
INSERT INTO PLACE_KEYWORD (PLACE_ID, KEYWORD_ID) VALUES (26, 37);
INSERT INTO PLACE_KEYWORD (PLACE_ID, KEYWORD_ID) VALUES (26, 78);
INSERT INTO PLACE_KEYWORD (PLACE_ID, KEYWORD_ID) VALUES (26, 64);
INSERT INTO PLACE_KEYWORD (PLACE_ID, KEYWORD_ID) VALUES (26, 61);
INSERT INTO PLACE_KEYWORD (PLACE_ID, KEYWORD_ID) VALUES (26, 107);
INSERT INTO PLACE_KEYWORD (PLACE_ID, KEYWORD_ID) VALUES (26, 35);
INSERT INTO PLACE_KEYWORD (PLACE_ID, KEYWORD_ID) VALUES (26, 9);
INSERT INTO PLACE_KEYWORD (PLACE_ID, KEYWORD_ID) VALUES (26, 18);
INSERT INTO PLACE_KEYWORD (PLACE_ID, KEYWORD_ID) VALUES (26, 149);
INSERT INTO PLACE_KEYWORD (PLACE_ID, KEYWORD_ID) VALUES (27, 54);
INSERT INTO PLACE_KEYWORD (PLACE_ID, KEYWORD_ID) VALUES (27, 58);
INSERT INTO PLACE_KEYWORD (PLACE_ID, KEYWORD_ID) VALUES (27, 25);
INSERT INTO PLACE_KEYWORD (PLACE_ID, KEYWORD_ID) VALUES (27, 37);
INSERT INTO PLACE_KEYWORD (PLACE_ID, KEYWORD_ID) VALUES (27, 78);
INSERT INTO PLACE_KEYWORD (PLACE_ID, KEYWORD_ID) VALUES (27, 64);
INSERT INTO PLACE_KEYWORD (PLACE_ID, KEYWORD_ID) VALUES (27, 61);
INSERT INTO PLACE_KEYWORD (PLACE_ID, KEYWORD_ID) VALUES (27, 107);
INSERT INTO PLACE_KEYWORD (PLACE_ID, KEYWORD_ID) VALUES (27, 35);
INSERT INTO PLACE_KEYWORD (PLACE_ID, KEYWORD_ID) VALUES (27, 9);
INSERT INTO PLACE_KEYWORD (PLACE_ID, KEYWORD_ID) VALUES (27, 18);
INSERT INTO PLACE_KEYWORD (PLACE_ID, KEYWORD_ID) VALUES (27, 149);
INSERT INTO PLACE_KEYWORD (PLACE_ID, KEYWORD_ID) VALUES (28, 54);
INSERT INTO PLACE_KEYWORD (PLACE_ID, KEYWORD_ID) VALUES (28, 58);
INSERT INTO PLACE_KEYWORD (PLACE_ID, KEYWORD_ID) VALUES (28, 25);
INSERT INTO PLACE_KEYWORD (PLACE_ID, KEYWORD_ID) VALUES (28, 37);
INSERT INTO PLACE_KEYWORD (PLACE_ID, KEYWORD_ID) VALUES (28, 78);
INSERT INTO PLACE_KEYWORD (PLACE_ID, KEYWORD_ID) VALUES (28, 64);
INSERT INTO PLACE_KEYWORD (PLACE_ID, KEYWORD_ID) VALUES (28, 61);
INSERT INTO PLACE_KEYWORD (PLACE_ID, KEYWORD_ID) VALUES (28, 107);
INSERT INTO PLACE_KEYWORD (PLACE_ID, KEYWORD_ID) VALUES (28, 35);
INSERT INTO PLACE_KEYWORD (PLACE_ID, KEYWORD_ID) VALUES (28, 9);
INSERT INTO PLACE_KEYWORD (PLACE_ID, KEYWORD_ID) VALUES (28, 18);
INSERT INTO PLACE_KEYWORD (PLACE_ID, KEYWORD_ID) VALUES (28, 149);
INSERT INTO PLACE_KEYWORD (PLACE_ID, KEYWORD_ID) VALUES (29, 54);
INSERT INTO PLACE_KEYWORD (PLACE_ID, KEYWORD_ID) VALUES (29, 58);
INSERT INTO PLACE_KEYWORD (PLACE_ID, KEYWORD_ID) VALUES (29, 25);
INSERT INTO PLACE_KEYWORD (PLACE_ID, KEYWORD_ID) VALUES (29, 37);
INSERT INTO PLACE_KEYWORD (PLACE_ID, KEYWORD_ID) VALUES (29, 78);
INSERT INTO PLACE_KEYWORD (PLACE_ID, KEYWORD_ID) VALUES (29, 64);
INSERT INTO PLACE_KEYWORD (PLACE_ID, KEYWORD_ID) VALUES (29, 145);
INSERT INTO PLACE_KEYWORD (PLACE_ID, KEYWORD_ID) VALUES (29, 153);
INSERT INTO PLACE_KEYWORD (PLACE_ID, KEYWORD_ID) VALUES (29, 127);
INSERT INTO PLACE_KEYWORD (PLACE_ID, KEYWORD_ID) VALUES (29, 94);
INSERT INTO PLACE_KEYWORD (PLACE_ID, KEYWORD_ID) VALUES (29, 71);
INSERT INTO PLACE_KEYWORD (PLACE_ID, KEYWORD_ID) VALUES (30, 54);
INSERT INTO PLACE_KEYWORD (PLACE_ID, KEYWORD_ID) VALUES (30, 58);
INSERT INTO PLACE_KEYWORD (PLACE_ID, KEYWORD_ID) VALUES (30, 25);
INSERT INTO PLACE_KEYWORD (PLACE_ID, KEYWORD_ID) VALUES (30, 37);
INSERT INTO PLACE_KEYWORD (PLACE_ID, KEYWORD_ID) VALUES (30, 78);
INSERT INTO PLACE_KEYWORD (PLACE_ID, KEYWORD_ID) VALUES (30, 64);
INSERT INTO PLACE_KEYWORD (PLACE_ID, KEYWORD_ID) VALUES (30, 145);
INSERT INTO PLACE_KEYWORD (PLACE_ID, KEYWORD_ID) VALUES (30, 153);
INSERT INTO PLACE_KEYWORD (PLACE_ID, KEYWORD_ID) VALUES (30, 127);
INSERT INTO PLACE_KEYWORD (PLACE_ID, KEYWORD_ID) VALUES (30, 94);
INSERT INTO PLACE_KEYWORD (PLACE_ID, KEYWORD_ID) VALUES (30, 71);
INSERT INTO PLACE_KEYWORD (PLACE_ID, KEYWORD_ID) VALUES (31, 54);
INSERT INTO PLACE_KEYWORD (PLACE_ID, KEYWORD_ID) VALUES (31, 58);
INSERT INTO PLACE_KEYWORD (PLACE_ID, KEYWORD_ID) VALUES (31, 25);
INSERT INTO PLACE_KEYWORD (PLACE_ID, KEYWORD_ID) VALUES (31, 37);
INSERT INTO PLACE_KEYWORD (PLACE_ID, KEYWORD_ID) VALUES (31, 78);
INSERT INTO PLACE_KEYWORD (PLACE_ID, KEYWORD_ID) VALUES (31, 64);
INSERT INTO PLACE_KEYWORD (PLACE_ID, KEYWORD_ID) VALUES (31, 145);
INSERT INTO PLACE_KEYWORD (PLACE_ID, KEYWORD_ID) VALUES (31, 153);
INSERT INTO PLACE_KEYWORD (PLACE_ID, KEYWORD_ID) VALUES (31, 127);
INSERT INTO PLACE_KEYWORD (PLACE_ID, KEYWORD_ID) VALUES (31, 94);
INSERT INTO PLACE_KEYWORD (PLACE_ID, KEYWORD_ID) VALUES (31, 71);
INSERT INTO PLACE_KEYWORD (PLACE_ID, KEYWORD_ID) VALUES (32, 54);
INSERT INTO PLACE_KEYWORD (PLACE_ID, KEYWORD_ID) VALUES (32, 58);
INSERT INTO PLACE_KEYWORD (PLACE_ID, KEYWORD_ID) VALUES (32, 25);
INSERT INTO PLACE_KEYWORD (PLACE_ID, KEYWORD_ID) VALUES (32, 37);
INSERT INTO PLACE_KEYWORD (PLACE_ID, KEYWORD_ID) VALUES (32, 78);
INSERT INTO PLACE_KEYWORD (PLACE_ID, KEYWORD_ID) VALUES (32, 64);
INSERT INTO PLACE_KEYWORD (PLACE_ID, KEYWORD_ID) VALUES (32, 119);
INSERT INTO PLACE_KEYWORD (PLACE_ID, KEYWORD_ID) VALUES (32, 31);
INSERT INTO PLACE_KEYWORD (PLACE_ID, KEYWORD_ID) VALUES (32, 147);
INSERT INTO PLACE_KEYWORD (PLACE_ID, KEYWORD_ID) VALUES (32, 104);
INSERT INTO PLACE_KEYWORD (PLACE_ID, KEYWORD_ID) VALUES (32, 110);
INSERT INTO PLACE_KEYWORD (PLACE_ID, KEYWORD_ID) VALUES (33, 54);
INSERT INTO PLACE_KEYWORD (PLACE_ID, KEYWORD_ID) VALUES (33, 58);
INSERT INTO PLACE_KEYWORD (PLACE_ID, KEYWORD_ID) VALUES (33, 25);
INSERT INTO PLACE_KEYWORD (PLACE_ID, KEYWORD_ID) VALUES (33, 37);
INSERT INTO PLACE_KEYWORD (PLACE_ID, KEYWORD_ID) VALUES (33, 78);
INSERT INTO PLACE_KEYWORD (PLACE_ID, KEYWORD_ID) VALUES (33, 64);
INSERT INTO PLACE_KEYWORD (PLACE_ID, KEYWORD_ID) VALUES (33, 119);
INSERT INTO PLACE_KEYWORD (PLACE_ID, KEYWORD_ID) VALUES (33, 31);
INSERT INTO PLACE_KEYWORD (PLACE_ID, KEYWORD_ID) VALUES (33, 147);
INSERT INTO PLACE_KEYWORD (PLACE_ID, KEYWORD_ID) VALUES (33, 104);
INSERT INTO PLACE_KEYWORD (PLACE_ID, KEYWORD_ID) VALUES (33, 110);
INSERT INTO PLACE_KEYWORD (PLACE_ID, KEYWORD_ID) VALUES (34, 54);
INSERT INTO PLACE_KEYWORD (PLACE_ID, KEYWORD_ID) VALUES (34, 58);
INSERT INTO PLACE_KEYWORD (PLACE_ID, KEYWORD_ID) VALUES (34, 25);
INSERT INTO PLACE_KEYWORD (PLACE_ID, KEYWORD_ID) VALUES (34, 37);
INSERT INTO PLACE_KEYWORD (PLACE_ID, KEYWORD_ID) VALUES (34, 78);
INSERT INTO PLACE_KEYWORD (PLACE_ID, KEYWORD_ID) VALUES (34, 64);
INSERT INTO PLACE_KEYWORD (PLACE_ID, KEYWORD_ID) VALUES (34, 119);
INSERT INTO PLACE_KEYWORD (PLACE_ID, KEYWORD_ID) VALUES (34, 31);
INSERT INTO PLACE_KEYWORD (PLACE_ID, KEYWORD_ID) VALUES (34, 147);
INSERT INTO PLACE_KEYWORD (PLACE_ID, KEYWORD_ID) VALUES (34, 104);
INSERT INTO PLACE_KEYWORD (PLACE_ID, KEYWORD_ID) VALUES (34, 110);
INSERT INTO PLACE_KEYWORD (PLACE_ID, KEYWORD_ID) VALUES (35, 54);
INSERT INTO PLACE_KEYWORD (PLACE_ID, KEYWORD_ID) VALUES (35, 58);
INSERT INTO PLACE_KEYWORD (PLACE_ID, KEYWORD_ID) VALUES (35, 25);
INSERT INTO PLACE_KEYWORD (PLACE_ID, KEYWORD_ID) VALUES (35, 37);
INSERT INTO PLACE_KEYWORD (PLACE_ID, KEYWORD_ID) VALUES (35, 78);
INSERT INTO PLACE_KEYWORD (PLACE_ID, KEYWORD_ID) VALUES (35, 64);
INSERT INTO PLACE_KEYWORD (PLACE_ID, KEYWORD_ID) VALUES (35, 125);
INSERT INTO PLACE_KEYWORD (PLACE_ID, KEYWORD_ID) VALUES (35, 123);
INSERT INTO PLACE_KEYWORD (PLACE_ID, KEYWORD_ID) VALUES (35, 87);
INSERT INTO PLACE_KEYWORD (PLACE_ID, KEYWORD_ID) VALUES (36, 54);
INSERT INTO PLACE_KEYWORD (PLACE_ID, KEYWORD_ID) VALUES (36, 58);
INSERT INTO PLACE_KEYWORD (PLACE_ID, KEYWORD_ID) VALUES (36, 25);
INSERT INTO PLACE_KEYWORD (PLACE_ID, KEYWORD_ID) VALUES (36, 37);
INSERT INTO PLACE_KEYWORD (PLACE_ID, KEYWORD_ID) VALUES (36, 78);
INSERT INTO PLACE_KEYWORD (PLACE_ID, KEYWORD_ID) VALUES (36, 64);
INSERT INTO PLACE_KEYWORD (PLACE_ID, KEYWORD_ID) VALUES (36, 125);
INSERT INTO PLACE_KEYWORD (PLACE_ID, KEYWORD_ID) VALUES (36, 123);
INSERT INTO PLACE_KEYWORD (PLACE_ID, KEYWORD_ID) VALUES (36, 87);
INSERT INTO PLACE_KEYWORD (PLACE_ID, KEYWORD_ID) VALUES (37, 54);
INSERT INTO PLACE_KEYWORD (PLACE_ID, KEYWORD_ID) VALUES (37, 58);
INSERT INTO PLACE_KEYWORD (PLACE_ID, KEYWORD_ID) VALUES (37, 25);
INSERT INTO PLACE_KEYWORD (PLACE_ID, KEYWORD_ID) VALUES (37, 37);
INSERT INTO PLACE_KEYWORD (PLACE_ID, KEYWORD_ID) VALUES (37, 78);
INSERT INTO PLACE_KEYWORD (PLACE_ID, KEYWORD_ID) VALUES (37, 64);
INSERT INTO PLACE_KEYWORD (PLACE_ID, KEYWORD_ID) VALUES (37, 125);
INSERT INTO PLACE_KEYWORD (PLACE_ID, KEYWORD_ID) VALUES (37, 123);
INSERT INTO PLACE_KEYWORD (PLACE_ID, KEYWORD_ID) VALUES (37, 87);
INSERT INTO PLACE_KEYWORD (PLACE_ID, KEYWORD_ID) VALUES (38, 135);
INSERT INTO PLACE_KEYWORD (PLACE_ID, KEYWORD_ID) VALUES (38, 41);
INSERT INTO PLACE_KEYWORD (PLACE_ID, KEYWORD_ID) VALUES (38, 92);
INSERT INTO PLACE_KEYWORD (PLACE_ID, KEYWORD_ID) VALUES (38, 148);
INSERT INTO PLACE_KEYWORD (PLACE_ID, KEYWORD_ID) VALUES (38, 47);
INSERT INTO PLACE_KEYWORD (PLACE_ID, KEYWORD_ID) VALUES (38, 106);
INSERT INTO PLACE_KEYWORD (PLACE_ID, KEYWORD_ID) VALUES (38, 59);
INSERT INTO PLACE_KEYWORD (PLACE_ID, KEYWORD_ID) VALUES (38, 128);
INSERT INTO PLACE_KEYWORD (PLACE_ID, KEYWORD_ID) VALUES (38, 39);
INSERT INTO PLACE_KEYWORD (PLACE_ID, KEYWORD_ID) VALUES (38, 24);
INSERT INTO PLACE_KEYWORD (PLACE_ID, KEYWORD_ID) VALUES (38, 27);
INSERT INTO PLACE_KEYWORD (PLACE_ID, KEYWORD_ID) VALUES (38, 5);
INSERT INTO PLACE_KEYWORD (PLACE_ID, KEYWORD_ID) VALUES (38, 42);
INSERT INTO PLACE_KEYWORD (PLACE_ID, KEYWORD_ID) VALUES (38, 97);
INSERT INTO PLACE_KEYWORD (PLACE_ID, KEYWORD_ID) VALUES (38, 2);
INSERT INTO PLACE_KEYWORD (PLACE_ID, KEYWORD_ID) VALUES (38, 19);
INSERT INTO PLACE_KEYWORD (PLACE_ID, KEYWORD_ID) VALUES (38, 34);
INSERT INTO PLACE_KEYWORD (PLACE_ID, KEYWORD_ID) VALUES (38, 49);
INSERT INTO PLACE_KEYWORD (PLACE_ID, KEYWORD_ID) VALUES (38, 60);
INSERT INTO PLACE_KEYWORD (PLACE_ID, KEYWORD_ID) VALUES (38, 43);
INSERT INTO PLACE_KEYWORD (PLACE_ID, KEYWORD_ID) VALUES (38, 137);
INSERT INTO PLACE_KEYWORD (PLACE_ID, KEYWORD_ID) VALUES (38, 89);
INSERT INTO PLACE_KEYWORD (PLACE_ID, KEYWORD_ID) VALUES (38, 122);
INSERT INTO PLACE_KEYWORD (PLACE_ID, KEYWORD_ID) VALUES (38, 143);
INSERT INTO PLACE_KEYWORD (PLACE_ID, KEYWORD_ID) VALUES (38, 73);
INSERT INTO PLACE_KEYWORD (PLACE_ID, KEYWORD_ID) VALUES (39, 135);
INSERT INTO PLACE_KEYWORD (PLACE_ID, KEYWORD_ID) VALUES (39, 41);
INSERT INTO PLACE_KEYWORD (PLACE_ID, KEYWORD_ID) VALUES (39, 92);
INSERT INTO PLACE_KEYWORD (PLACE_ID, KEYWORD_ID) VALUES (39, 148);
INSERT INTO PLACE_KEYWORD (PLACE_ID, KEYWORD_ID) VALUES (39, 47);
INSERT INTO PLACE_KEYWORD (PLACE_ID, KEYWORD_ID) VALUES (39, 106);
INSERT INTO PLACE_KEYWORD (PLACE_ID, KEYWORD_ID) VALUES (39, 59);
INSERT INTO PLACE_KEYWORD (PLACE_ID, KEYWORD_ID) VALUES (39, 128);
INSERT INTO PLACE_KEYWORD (PLACE_ID, KEYWORD_ID) VALUES (39, 39);
INSERT INTO PLACE_KEYWORD (PLACE_ID, KEYWORD_ID) VALUES (39, 24);
INSERT INTO PLACE_KEYWORD (PLACE_ID, KEYWORD_ID) VALUES (39, 27);
INSERT INTO PLACE_KEYWORD (PLACE_ID, KEYWORD_ID) VALUES (39, 5);
INSERT INTO PLACE_KEYWORD (PLACE_ID, KEYWORD_ID) VALUES (39, 42);
INSERT INTO PLACE_KEYWORD (PLACE_ID, KEYWORD_ID) VALUES (39, 97);
INSERT INTO PLACE_KEYWORD (PLACE_ID, KEYWORD_ID) VALUES (39, 2);
INSERT INTO PLACE_KEYWORD (PLACE_ID, KEYWORD_ID) VALUES (39, 19);
INSERT INTO PLACE_KEYWORD (PLACE_ID, KEYWORD_ID) VALUES (39, 34);
INSERT INTO PLACE_KEYWORD (PLACE_ID, KEYWORD_ID) VALUES (39, 49);
INSERT INTO PLACE_KEYWORD (PLACE_ID, KEYWORD_ID) VALUES (39, 60);
INSERT INTO PLACE_KEYWORD (PLACE_ID, KEYWORD_ID) VALUES (39, 43);
INSERT INTO PLACE_KEYWORD (PLACE_ID, KEYWORD_ID) VALUES (39, 137);
INSERT INTO PLACE_KEYWORD (PLACE_ID, KEYWORD_ID) VALUES (39, 89);
INSERT INTO PLACE_KEYWORD (PLACE_ID, KEYWORD_ID) VALUES (39, 122);
INSERT INTO PLACE_KEYWORD (PLACE_ID, KEYWORD_ID) VALUES (39, 143);
INSERT INTO PLACE_KEYWORD (PLACE_ID, KEYWORD_ID) VALUES (39, 73);
INSERT INTO PLACE_KEYWORD (PLACE_ID, KEYWORD_ID) VALUES (40, 135);
INSERT INTO PLACE_KEYWORD (PLACE_ID, KEYWORD_ID) VALUES (40, 41);
INSERT INTO PLACE_KEYWORD (PLACE_ID, KEYWORD_ID) VALUES (40, 92);
INSERT INTO PLACE_KEYWORD (PLACE_ID, KEYWORD_ID) VALUES (40, 148);
INSERT INTO PLACE_KEYWORD (PLACE_ID, KEYWORD_ID) VALUES (40, 47);
INSERT INTO PLACE_KEYWORD (PLACE_ID, KEYWORD_ID) VALUES (40, 106);
INSERT INTO PLACE_KEYWORD (PLACE_ID, KEYWORD_ID) VALUES (40, 59);
INSERT INTO PLACE_KEYWORD (PLACE_ID, KEYWORD_ID) VALUES (40, 128);
INSERT INTO PLACE_KEYWORD (PLACE_ID, KEYWORD_ID) VALUES (40, 39);
INSERT INTO PLACE_KEYWORD (PLACE_ID, KEYWORD_ID) VALUES (40, 24);
INSERT INTO PLACE_KEYWORD (PLACE_ID, KEYWORD_ID) VALUES (40, 27);
INSERT INTO PLACE_KEYWORD (PLACE_ID, KEYWORD_ID) VALUES (40, 5);
INSERT INTO PLACE_KEYWORD (PLACE_ID, KEYWORD_ID) VALUES (40, 42);
INSERT INTO PLACE_KEYWORD (PLACE_ID, KEYWORD_ID) VALUES (40, 97);
INSERT INTO PLACE_KEYWORD (PLACE_ID, KEYWORD_ID) VALUES (40, 2);
INSERT INTO PLACE_KEYWORD (PLACE_ID, KEYWORD_ID) VALUES (40, 19);
INSERT INTO PLACE_KEYWORD (PLACE_ID, KEYWORD_ID) VALUES (40, 34);
INSERT INTO PLACE_KEYWORD (PLACE_ID, KEYWORD_ID) VALUES (40, 49);
INSERT INTO PLACE_KEYWORD (PLACE_ID, KEYWORD_ID) VALUES (40, 60);
INSERT INTO PLACE_KEYWORD (PLACE_ID, KEYWORD_ID) VALUES (40, 43);
INSERT INTO PLACE_KEYWORD (PLACE_ID, KEYWORD_ID) VALUES (40, 137);
INSERT INTO PLACE_KEYWORD (PLACE_ID, KEYWORD_ID) VALUES (40, 89);
INSERT INTO PLACE_KEYWORD (PLACE_ID, KEYWORD_ID) VALUES (40, 122);
INSERT INTO PLACE_KEYWORD (PLACE_ID, KEYWORD_ID) VALUES (40, 143);
INSERT INTO PLACE_KEYWORD (PLACE_ID, KEYWORD_ID) VALUES (40, 73);
INSERT INTO PLACE_KEYWORD (PLACE_ID, KEYWORD_ID) VALUES (41, 135);
INSERT INTO PLACE_KEYWORD (PLACE_ID, KEYWORD_ID) VALUES (41, 41);
INSERT INTO PLACE_KEYWORD (PLACE_ID, KEYWORD_ID) VALUES (41, 92);
INSERT INTO PLACE_KEYWORD (PLACE_ID, KEYWORD_ID) VALUES (41, 148);
INSERT INTO PLACE_KEYWORD (PLACE_ID, KEYWORD_ID) VALUES (41, 47);
INSERT INTO PLACE_KEYWORD (PLACE_ID, KEYWORD_ID) VALUES (41, 106);
INSERT INTO PLACE_KEYWORD (PLACE_ID, KEYWORD_ID) VALUES (41, 59);
INSERT INTO PLACE_KEYWORD (PLACE_ID, KEYWORD_ID) VALUES (41, 128);
INSERT INTO PLACE_KEYWORD (PLACE_ID, KEYWORD_ID) VALUES (41, 39);
INSERT INTO PLACE_KEYWORD (PLACE_ID, KEYWORD_ID) VALUES (41, 24);
INSERT INTO PLACE_KEYWORD (PLACE_ID, KEYWORD_ID) VALUES (41, 27);
INSERT INTO PLACE_KEYWORD (PLACE_ID, KEYWORD_ID) VALUES (41, 15);
INSERT INTO PLACE_KEYWORD (PLACE_ID, KEYWORD_ID) VALUES (41, 105);
INSERT INTO PLACE_KEYWORD (PLACE_ID, KEYWORD_ID) VALUES (41, 143);
INSERT INTO PLACE_KEYWORD (PLACE_ID, KEYWORD_ID) VALUES (41, 99);
INSERT INTO PLACE_KEYWORD (PLACE_ID, KEYWORD_ID) VALUES (41, 38);
INSERT INTO PLACE_KEYWORD (PLACE_ID, KEYWORD_ID) VALUES (41, 62);
INSERT INTO PLACE_KEYWORD (PLACE_ID, KEYWORD_ID) VALUES (41, 55);
INSERT INTO PLACE_KEYWORD (PLACE_ID, KEYWORD_ID) VALUES (41, 141);
INSERT INTO PLACE_KEYWORD (PLACE_ID, KEYWORD_ID) VALUES (41, 44);
INSERT INTO PLACE_KEYWORD (PLACE_ID, KEYWORD_ID) VALUES (42, 135);
INSERT INTO PLACE_KEYWORD (PLACE_ID, KEYWORD_ID) VALUES (42, 41);
INSERT INTO PLACE_KEYWORD (PLACE_ID, KEYWORD_ID) VALUES (42, 92);
INSERT INTO PLACE_KEYWORD (PLACE_ID, KEYWORD_ID) VALUES (42, 148);
INSERT INTO PLACE_KEYWORD (PLACE_ID, KEYWORD_ID) VALUES (42, 47);
INSERT INTO PLACE_KEYWORD (PLACE_ID, KEYWORD_ID) VALUES (42, 106);
INSERT INTO PLACE_KEYWORD (PLACE_ID, KEYWORD_ID) VALUES (42, 59);
INSERT INTO PLACE_KEYWORD (PLACE_ID, KEYWORD_ID) VALUES (42, 128);
INSERT INTO PLACE_KEYWORD (PLACE_ID, KEYWORD_ID) VALUES (42, 39);
INSERT INTO PLACE_KEYWORD (PLACE_ID, KEYWORD_ID) VALUES (42, 24);
INSERT INTO PLACE_KEYWORD (PLACE_ID, KEYWORD_ID) VALUES (42, 27);
INSERT INTO PLACE_KEYWORD (PLACE_ID, KEYWORD_ID) VALUES (42, 15);
INSERT INTO PLACE_KEYWORD (PLACE_ID, KEYWORD_ID) VALUES (42, 105);
INSERT INTO PLACE_KEYWORD (PLACE_ID, KEYWORD_ID) VALUES (42, 143);
INSERT INTO PLACE_KEYWORD (PLACE_ID, KEYWORD_ID) VALUES (42, 99);
INSERT INTO PLACE_KEYWORD (PLACE_ID, KEYWORD_ID) VALUES (42, 38);
INSERT INTO PLACE_KEYWORD (PLACE_ID, KEYWORD_ID) VALUES (42, 62);
INSERT INTO PLACE_KEYWORD (PLACE_ID, KEYWORD_ID) VALUES (42, 55);
INSERT INTO PLACE_KEYWORD (PLACE_ID, KEYWORD_ID) VALUES (42, 141);
INSERT INTO PLACE_KEYWORD (PLACE_ID, KEYWORD_ID) VALUES (42, 44);
INSERT INTO PLACE_KEYWORD (PLACE_ID, KEYWORD_ID) VALUES (43, 135);
INSERT INTO PLACE_KEYWORD (PLACE_ID, KEYWORD_ID) VALUES (43, 41);
INSERT INTO PLACE_KEYWORD (PLACE_ID, KEYWORD_ID) VALUES (43, 92);
INSERT INTO PLACE_KEYWORD (PLACE_ID, KEYWORD_ID) VALUES (43, 148);
INSERT INTO PLACE_KEYWORD (PLACE_ID, KEYWORD_ID) VALUES (43, 47);
INSERT INTO PLACE_KEYWORD (PLACE_ID, KEYWORD_ID) VALUES (43, 106);
INSERT INTO PLACE_KEYWORD (PLACE_ID, KEYWORD_ID) VALUES (43, 59);
INSERT INTO PLACE_KEYWORD (PLACE_ID, KEYWORD_ID) VALUES (43, 128);
INSERT INTO PLACE_KEYWORD (PLACE_ID, KEYWORD_ID) VALUES (43, 39);
INSERT INTO PLACE_KEYWORD (PLACE_ID, KEYWORD_ID) VALUES (43, 24);
INSERT INTO PLACE_KEYWORD (PLACE_ID, KEYWORD_ID) VALUES (43, 27);
INSERT INTO PLACE_KEYWORD (PLACE_ID, KEYWORD_ID) VALUES (43, 15);
INSERT INTO PLACE_KEYWORD (PLACE_ID, KEYWORD_ID) VALUES (43, 105);
INSERT INTO PLACE_KEYWORD (PLACE_ID, KEYWORD_ID) VALUES (43, 143);
INSERT INTO PLACE_KEYWORD (PLACE_ID, KEYWORD_ID) VALUES (43, 99);
INSERT INTO PLACE_KEYWORD (PLACE_ID, KEYWORD_ID) VALUES (43, 38);
INSERT INTO PLACE_KEYWORD (PLACE_ID, KEYWORD_ID) VALUES (43, 62);
INSERT INTO PLACE_KEYWORD (PLACE_ID, KEYWORD_ID) VALUES (43, 55);
INSERT INTO PLACE_KEYWORD (PLACE_ID, KEYWORD_ID) VALUES (43, 141);
INSERT INTO PLACE_KEYWORD (PLACE_ID, KEYWORD_ID) VALUES (43, 44);
INSERT INTO PLACE_KEYWORD (PLACE_ID, KEYWORD_ID) VALUES (44, 135);
INSERT INTO PLACE_KEYWORD (PLACE_ID, KEYWORD_ID) VALUES (44, 41);
INSERT INTO PLACE_KEYWORD (PLACE_ID, KEYWORD_ID) VALUES (44, 92);
INSERT INTO PLACE_KEYWORD (PLACE_ID, KEYWORD_ID) VALUES (44, 148);
INSERT INTO PLACE_KEYWORD (PLACE_ID, KEYWORD_ID) VALUES (44, 47);
INSERT INTO PLACE_KEYWORD (PLACE_ID, KEYWORD_ID) VALUES (44, 106);
INSERT INTO PLACE_KEYWORD (PLACE_ID, KEYWORD_ID) VALUES (44, 59);
INSERT INTO PLACE_KEYWORD (PLACE_ID, KEYWORD_ID) VALUES (44, 128);
INSERT INTO PLACE_KEYWORD (PLACE_ID, KEYWORD_ID) VALUES (44, 39);
INSERT INTO PLACE_KEYWORD (PLACE_ID, KEYWORD_ID) VALUES (44, 24);
INSERT INTO PLACE_KEYWORD (PLACE_ID, KEYWORD_ID) VALUES (44, 27);
INSERT INTO PLACE_KEYWORD (PLACE_ID, KEYWORD_ID) VALUES (44, 130);
INSERT INTO PLACE_KEYWORD (PLACE_ID, KEYWORD_ID) VALUES (44, 46);
INSERT INTO PLACE_KEYWORD (PLACE_ID, KEYWORD_ID) VALUES (44, 154);
INSERT INTO PLACE_KEYWORD (PLACE_ID, KEYWORD_ID) VALUES (44, 28);
INSERT INTO PLACE_KEYWORD (PLACE_ID, KEYWORD_ID) VALUES (44, 109);
INSERT INTO PLACE_KEYWORD (PLACE_ID, KEYWORD_ID) VALUES (44, 50);
INSERT INTO PLACE_KEYWORD (PLACE_ID, KEYWORD_ID) VALUES (44, 126);
INSERT INTO PLACE_KEYWORD (PLACE_ID, KEYWORD_ID) VALUES (44, 26);
INSERT INTO PLACE_KEYWORD (PLACE_ID, KEYWORD_ID) VALUES (44, 70);
INSERT INTO PLACE_KEYWORD (PLACE_ID, KEYWORD_ID) VALUES (44, 114);
INSERT INTO PLACE_KEYWORD (PLACE_ID, KEYWORD_ID) VALUES (44, 131);
INSERT INTO PLACE_KEYWORD (PLACE_ID, KEYWORD_ID) VALUES (44, 57);
INSERT INTO PLACE_KEYWORD (PLACE_ID, KEYWORD_ID) VALUES (44, 80);
INSERT INTO PLACE_KEYWORD (PLACE_ID, KEYWORD_ID) VALUES (44, 112);
INSERT INTO PLACE_KEYWORD (PLACE_ID, KEYWORD_ID) VALUES (44, 132);
INSERT INTO PLACE_KEYWORD (PLACE_ID, KEYWORD_ID) VALUES (44, 120);
INSERT INTO PLACE_KEYWORD (PLACE_ID, KEYWORD_ID) VALUES (44, 30);
INSERT INTO PLACE_KEYWORD (PLACE_ID, KEYWORD_ID) VALUES (45, 135);
INSERT INTO PLACE_KEYWORD (PLACE_ID, KEYWORD_ID) VALUES (45, 41);
INSERT INTO PLACE_KEYWORD (PLACE_ID, KEYWORD_ID) VALUES (45, 92);
INSERT INTO PLACE_KEYWORD (PLACE_ID, KEYWORD_ID) VALUES (45, 148);
INSERT INTO PLACE_KEYWORD (PLACE_ID, KEYWORD_ID) VALUES (45, 47);
INSERT INTO PLACE_KEYWORD (PLACE_ID, KEYWORD_ID) VALUES (45, 106);
INSERT INTO PLACE_KEYWORD (PLACE_ID, KEYWORD_ID) VALUES (45, 59);
INSERT INTO PLACE_KEYWORD (PLACE_ID, KEYWORD_ID) VALUES (45, 128);
INSERT INTO PLACE_KEYWORD (PLACE_ID, KEYWORD_ID) VALUES (45, 39);
INSERT INTO PLACE_KEYWORD (PLACE_ID, KEYWORD_ID) VALUES (45, 24);
INSERT INTO PLACE_KEYWORD (PLACE_ID, KEYWORD_ID) VALUES (45, 27);
INSERT INTO PLACE_KEYWORD (PLACE_ID, KEYWORD_ID) VALUES (45, 130);
INSERT INTO PLACE_KEYWORD (PLACE_ID, KEYWORD_ID) VALUES (45, 46);
INSERT INTO PLACE_KEYWORD (PLACE_ID, KEYWORD_ID) VALUES (45, 154);
INSERT INTO PLACE_KEYWORD (PLACE_ID, KEYWORD_ID) VALUES (45, 28);
INSERT INTO PLACE_KEYWORD (PLACE_ID, KEYWORD_ID) VALUES (45, 109);
INSERT INTO PLACE_KEYWORD (PLACE_ID, KEYWORD_ID) VALUES (45, 50);
INSERT INTO PLACE_KEYWORD (PLACE_ID, KEYWORD_ID) VALUES (45, 126);
INSERT INTO PLACE_KEYWORD (PLACE_ID, KEYWORD_ID) VALUES (45, 26);
INSERT INTO PLACE_KEYWORD (PLACE_ID, KEYWORD_ID) VALUES (45, 70);
INSERT INTO PLACE_KEYWORD (PLACE_ID, KEYWORD_ID) VALUES (45, 114);
INSERT INTO PLACE_KEYWORD (PLACE_ID, KEYWORD_ID) VALUES (45, 131);
INSERT INTO PLACE_KEYWORD (PLACE_ID, KEYWORD_ID) VALUES (45, 57);
INSERT INTO PLACE_KEYWORD (PLACE_ID, KEYWORD_ID) VALUES (45, 80);
INSERT INTO PLACE_KEYWORD (PLACE_ID, KEYWORD_ID) VALUES (45, 112);
INSERT INTO PLACE_KEYWORD (PLACE_ID, KEYWORD_ID) VALUES (45, 132);
INSERT INTO PLACE_KEYWORD (PLACE_ID, KEYWORD_ID) VALUES (45, 120);
INSERT INTO PLACE_KEYWORD (PLACE_ID, KEYWORD_ID) VALUES (45, 30);
INSERT INTO PLACE_KEYWORD (PLACE_ID, KEYWORD_ID) VALUES (46, 135);
INSERT INTO PLACE_KEYWORD (PLACE_ID, KEYWORD_ID) VALUES (46, 41);
INSERT INTO PLACE_KEYWORD (PLACE_ID, KEYWORD_ID) VALUES (46, 92);
INSERT INTO PLACE_KEYWORD (PLACE_ID, KEYWORD_ID) VALUES (46, 148);
INSERT INTO PLACE_KEYWORD (PLACE_ID, KEYWORD_ID) VALUES (46, 47);
INSERT INTO PLACE_KEYWORD (PLACE_ID, KEYWORD_ID) VALUES (46, 106);
INSERT INTO PLACE_KEYWORD (PLACE_ID, KEYWORD_ID) VALUES (46, 59);
INSERT INTO PLACE_KEYWORD (PLACE_ID, KEYWORD_ID) VALUES (46, 128);
INSERT INTO PLACE_KEYWORD (PLACE_ID, KEYWORD_ID) VALUES (46, 39);
INSERT INTO PLACE_KEYWORD (PLACE_ID, KEYWORD_ID) VALUES (46, 24);
INSERT INTO PLACE_KEYWORD (PLACE_ID, KEYWORD_ID) VALUES (46, 27);
INSERT INTO PLACE_KEYWORD (PLACE_ID, KEYWORD_ID) VALUES (46, 130);
INSERT INTO PLACE_KEYWORD (PLACE_ID, KEYWORD_ID) VALUES (46, 46);
INSERT INTO PLACE_KEYWORD (PLACE_ID, KEYWORD_ID) VALUES (46, 154);
INSERT INTO PLACE_KEYWORD (PLACE_ID, KEYWORD_ID) VALUES (46, 28);
INSERT INTO PLACE_KEYWORD (PLACE_ID, KEYWORD_ID) VALUES (46, 109);
INSERT INTO PLACE_KEYWORD (PLACE_ID, KEYWORD_ID) VALUES (46, 50);
INSERT INTO PLACE_KEYWORD (PLACE_ID, KEYWORD_ID) VALUES (46, 126);
INSERT INTO PLACE_KEYWORD (PLACE_ID, KEYWORD_ID) VALUES (46, 26);
INSERT INTO PLACE_KEYWORD (PLACE_ID, KEYWORD_ID) VALUES (46, 70);
INSERT INTO PLACE_KEYWORD (PLACE_ID, KEYWORD_ID) VALUES (46, 114);
INSERT INTO PLACE_KEYWORD (PLACE_ID, KEYWORD_ID) VALUES (46, 131);
INSERT INTO PLACE_KEYWORD (PLACE_ID, KEYWORD_ID) VALUES (46, 57);
INSERT INTO PLACE_KEYWORD (PLACE_ID, KEYWORD_ID) VALUES (46, 80);
INSERT INTO PLACE_KEYWORD (PLACE_ID, KEYWORD_ID) VALUES (46, 112);
INSERT INTO PLACE_KEYWORD (PLACE_ID, KEYWORD_ID) VALUES (46, 132);
INSERT INTO PLACE_KEYWORD (PLACE_ID, KEYWORD_ID) VALUES (46, 120);
INSERT INTO PLACE_KEYWORD (PLACE_ID, KEYWORD_ID) VALUES (46, 30);
INSERT INTO PLACE_KEYWORD (PLACE_ID, KEYWORD_ID) VALUES (47, 135);
INSERT INTO PLACE_KEYWORD (PLACE_ID, KEYWORD_ID) VALUES (47, 41);
INSERT INTO PLACE_KEYWORD (PLACE_ID, KEYWORD_ID) VALUES (47, 92);
INSERT INTO PLACE_KEYWORD (PLACE_ID, KEYWORD_ID) VALUES (47, 148);
INSERT INTO PLACE_KEYWORD (PLACE_ID, KEYWORD_ID) VALUES (47, 47);
INSERT INTO PLACE_KEYWORD (PLACE_ID, KEYWORD_ID) VALUES (47, 106);
INSERT INTO PLACE_KEYWORD (PLACE_ID, KEYWORD_ID) VALUES (47, 59);
INSERT INTO PLACE_KEYWORD (PLACE_ID, KEYWORD_ID) VALUES (47, 128);
INSERT INTO PLACE_KEYWORD (PLACE_ID, KEYWORD_ID) VALUES (47, 39);
INSERT INTO PLACE_KEYWORD (PLACE_ID, KEYWORD_ID) VALUES (47, 24);
INSERT INTO PLACE_KEYWORD (PLACE_ID, KEYWORD_ID) VALUES (47, 27);
INSERT INTO PLACE_KEYWORD (PLACE_ID, KEYWORD_ID) VALUES (47, 88);
INSERT INTO PLACE_KEYWORD (PLACE_ID, KEYWORD_ID) VALUES (47, 49);
INSERT INTO PLACE_KEYWORD (PLACE_ID, KEYWORD_ID) VALUES (47, 56);
INSERT INTO PLACE_KEYWORD (PLACE_ID, KEYWORD_ID) VALUES (47, 45);
INSERT INTO PLACE_KEYWORD (PLACE_ID, KEYWORD_ID) VALUES (47, 12);
INSERT INTO PLACE_KEYWORD (PLACE_ID, KEYWORD_ID) VALUES (47, 3);
INSERT INTO PLACE_KEYWORD (PLACE_ID, KEYWORD_ID) VALUES (47, 68);
INSERT INTO PLACE_KEYWORD (PLACE_ID, KEYWORD_ID) VALUES (47, 17);
INSERT INTO PLACE_KEYWORD (PLACE_ID, KEYWORD_ID) VALUES (47, 7);
INSERT INTO PLACE_KEYWORD (PLACE_ID, KEYWORD_ID) VALUES (47, 51);
INSERT INTO PLACE_KEYWORD (PLACE_ID, KEYWORD_ID) VALUES (47, 113);
INSERT INTO PLACE_KEYWORD (PLACE_ID, KEYWORD_ID) VALUES (47, 69);
INSERT INTO PLACE_KEYWORD (PLACE_ID, KEYWORD_ID) VALUES (47, 144);
INSERT INTO PLACE_KEYWORD (PLACE_ID, KEYWORD_ID) VALUES (47, 115);
INSERT INTO PLACE_KEYWORD (PLACE_ID, KEYWORD_ID) VALUES (47, 77);
INSERT INTO PLACE_KEYWORD (PLACE_ID, KEYWORD_ID) VALUES (47, 1);
INSERT INTO PLACE_KEYWORD (PLACE_ID, KEYWORD_ID) VALUES (47, 79);
INSERT INTO PLACE_KEYWORD (PLACE_ID, KEYWORD_ID) VALUES (47, 121);
INSERT INTO PLACE_KEYWORD (PLACE_ID, KEYWORD_ID) VALUES (48, 135);
INSERT INTO PLACE_KEYWORD (PLACE_ID, KEYWORD_ID) VALUES (48, 41);
INSERT INTO PLACE_KEYWORD (PLACE_ID, KEYWORD_ID) VALUES (48, 92);
INSERT INTO PLACE_KEYWORD (PLACE_ID, KEYWORD_ID) VALUES (48, 148);
INSERT INTO PLACE_KEYWORD (PLACE_ID, KEYWORD_ID) VALUES (48, 47);
INSERT INTO PLACE_KEYWORD (PLACE_ID, KEYWORD_ID) VALUES (48, 106);
INSERT INTO PLACE_KEYWORD (PLACE_ID, KEYWORD_ID) VALUES (48, 59);
INSERT INTO PLACE_KEYWORD (PLACE_ID, KEYWORD_ID) VALUES (48, 128);
INSERT INTO PLACE_KEYWORD (PLACE_ID, KEYWORD_ID) VALUES (48, 39);
INSERT INTO PLACE_KEYWORD (PLACE_ID, KEYWORD_ID) VALUES (48, 24);
INSERT INTO PLACE_KEYWORD (PLACE_ID, KEYWORD_ID) VALUES (48, 27);
INSERT INTO PLACE_KEYWORD (PLACE_ID, KEYWORD_ID) VALUES (48, 88);
INSERT INTO PLACE_KEYWORD (PLACE_ID, KEYWORD_ID) VALUES (48, 49);
INSERT INTO PLACE_KEYWORD (PLACE_ID, KEYWORD_ID) VALUES (48, 56);
INSERT INTO PLACE_KEYWORD (PLACE_ID, KEYWORD_ID) VALUES (48, 45);
INSERT INTO PLACE_KEYWORD (PLACE_ID, KEYWORD_ID) VALUES (48, 12);
INSERT INTO PLACE_KEYWORD (PLACE_ID, KEYWORD_ID) VALUES (48, 3);
INSERT INTO PLACE_KEYWORD (PLACE_ID, KEYWORD_ID) VALUES (48, 68);
INSERT INTO PLACE_KEYWORD (PLACE_ID, KEYWORD_ID) VALUES (48, 17);
INSERT INTO PLACE_KEYWORD (PLACE_ID, KEYWORD_ID) VALUES (48, 7);
INSERT INTO PLACE_KEYWORD (PLACE_ID, KEYWORD_ID) VALUES (48, 51);
INSERT INTO PLACE_KEYWORD (PLACE_ID, KEYWORD_ID) VALUES (48, 113);
INSERT INTO PLACE_KEYWORD (PLACE_ID, KEYWORD_ID) VALUES (48, 69);
INSERT INTO PLACE_KEYWORD (PLACE_ID, KEYWORD_ID) VALUES (48, 144);
INSERT INTO PLACE_KEYWORD (PLACE_ID, KEYWORD_ID) VALUES (48, 115);
INSERT INTO PLACE_KEYWORD (PLACE_ID, KEYWORD_ID) VALUES (48, 77);
INSERT INTO PLACE_KEYWORD (PLACE_ID, KEYWORD_ID) VALUES (48, 1);
INSERT INTO PLACE_KEYWORD (PLACE_ID, KEYWORD_ID) VALUES (48, 79);
INSERT INTO PLACE_KEYWORD (PLACE_ID, KEYWORD_ID) VALUES (48, 121);
INSERT INTO PLACE_KEYWORD (PLACE_ID, KEYWORD_ID) VALUES (49, 135);
INSERT INTO PLACE_KEYWORD (PLACE_ID, KEYWORD_ID) VALUES (49, 41);
INSERT INTO PLACE_KEYWORD (PLACE_ID, KEYWORD_ID) VALUES (49, 92);
INSERT INTO PLACE_KEYWORD (PLACE_ID, KEYWORD_ID) VALUES (49, 148);
INSERT INTO PLACE_KEYWORD (PLACE_ID, KEYWORD_ID) VALUES (49, 47);
INSERT INTO PLACE_KEYWORD (PLACE_ID, KEYWORD_ID) VALUES (49, 106);
INSERT INTO PLACE_KEYWORD (PLACE_ID, KEYWORD_ID) VALUES (49, 59);
INSERT INTO PLACE_KEYWORD (PLACE_ID, KEYWORD_ID) VALUES (49, 128);
INSERT INTO PLACE_KEYWORD (PLACE_ID, KEYWORD_ID) VALUES (49, 39);
INSERT INTO PLACE_KEYWORD (PLACE_ID, KEYWORD_ID) VALUES (49, 24);
INSERT INTO PLACE_KEYWORD (PLACE_ID, KEYWORD_ID) VALUES (49, 27);
INSERT INTO PLACE_KEYWORD (PLACE_ID, KEYWORD_ID) VALUES (49, 88);
INSERT INTO PLACE_KEYWORD (PLACE_ID, KEYWORD_ID) VALUES (49, 49);
INSERT INTO PLACE_KEYWORD (PLACE_ID, KEYWORD_ID) VALUES (49, 56);
INSERT INTO PLACE_KEYWORD (PLACE_ID, KEYWORD_ID) VALUES (49, 45);
INSERT INTO PLACE_KEYWORD (PLACE_ID, KEYWORD_ID) VALUES (49, 12);
INSERT INTO PLACE_KEYWORD (PLACE_ID, KEYWORD_ID) VALUES (49, 3);
INSERT INTO PLACE_KEYWORD (PLACE_ID, KEYWORD_ID) VALUES (49, 68);
INSERT INTO PLACE_KEYWORD (PLACE_ID, KEYWORD_ID) VALUES (49, 17);
INSERT INTO PLACE_KEYWORD (PLACE_ID, KEYWORD_ID) VALUES (49, 7);
INSERT INTO PLACE_KEYWORD (PLACE_ID, KEYWORD_ID) VALUES (49, 51);
INSERT INTO PLACE_KEYWORD (PLACE_ID, KEYWORD_ID) VALUES (49, 113);
INSERT INTO PLACE_KEYWORD (PLACE_ID, KEYWORD_ID) VALUES (49, 69);
INSERT INTO PLACE_KEYWORD (PLACE_ID, KEYWORD_ID) VALUES (49, 144);
INSERT INTO PLACE_KEYWORD (PLACE_ID, KEYWORD_ID) VALUES (49, 115);
INSERT INTO PLACE_KEYWORD (PLACE_ID, KEYWORD_ID) VALUES (49, 77);
INSERT INTO PLACE_KEYWORD (PLACE_ID, KEYWORD_ID) VALUES (49, 1);
INSERT INTO PLACE_KEYWORD (PLACE_ID, KEYWORD_ID) VALUES (49, 79);
INSERT INTO PLACE_KEYWORD (PLACE_ID, KEYWORD_ID) VALUES (49, 121);
INSERT INTO PLACE_KEYWORD (PLACE_ID, KEYWORD_ID) VALUES (50, 135);
INSERT INTO PLACE_KEYWORD (PLACE_ID, KEYWORD_ID) VALUES (50, 41);
INSERT INTO PLACE_KEYWORD (PLACE_ID, KEYWORD_ID) VALUES (50, 92);
INSERT INTO PLACE_KEYWORD (PLACE_ID, KEYWORD_ID) VALUES (50, 148);
INSERT INTO PLACE_KEYWORD (PLACE_ID, KEYWORD_ID) VALUES (50, 47);
INSERT INTO PLACE_KEYWORD (PLACE_ID, KEYWORD_ID) VALUES (50, 106);
INSERT INTO PLACE_KEYWORD (PLACE_ID, KEYWORD_ID) VALUES (50, 59);
INSERT INTO PLACE_KEYWORD (PLACE_ID, KEYWORD_ID) VALUES (50, 128);
INSERT INTO PLACE_KEYWORD (PLACE_ID, KEYWORD_ID) VALUES (50, 39);
INSERT INTO PLACE_KEYWORD (PLACE_ID, KEYWORD_ID) VALUES (50, 24);
INSERT INTO PLACE_KEYWORD (PLACE_ID, KEYWORD_ID) VALUES (50, 27);
INSERT INTO PLACE_KEYWORD (PLACE_ID, KEYWORD_ID) VALUES (50, 84);
INSERT INTO PLACE_KEYWORD (PLACE_ID, KEYWORD_ID) VALUES (50, 136);
INSERT INTO PLACE_KEYWORD (PLACE_ID, KEYWORD_ID) VALUES (50, 143);
INSERT INTO PLACE_KEYWORD (PLACE_ID, KEYWORD_ID) VALUES (50, 29);
INSERT INTO PLACE_KEYWORD (PLACE_ID, KEYWORD_ID) VALUES (50, 146);
INSERT INTO PLACE_KEYWORD (PLACE_ID, KEYWORD_ID) VALUES (50, 140);
INSERT INTO PLACE_KEYWORD (PLACE_ID, KEYWORD_ID) VALUES (50, 100);
INSERT INTO PLACE_KEYWORD (PLACE_ID, KEYWORD_ID) VALUES (50, 90);
INSERT INTO PLACE_KEYWORD (PLACE_ID, KEYWORD_ID) VALUES (51, 135);
INSERT INTO PLACE_KEYWORD (PLACE_ID, KEYWORD_ID) VALUES (51, 41);
INSERT INTO PLACE_KEYWORD (PLACE_ID, KEYWORD_ID) VALUES (51, 92);
INSERT INTO PLACE_KEYWORD (PLACE_ID, KEYWORD_ID) VALUES (51, 148);
INSERT INTO PLACE_KEYWORD (PLACE_ID, KEYWORD_ID) VALUES (51, 47);
INSERT INTO PLACE_KEYWORD (PLACE_ID, KEYWORD_ID) VALUES (51, 106);
INSERT INTO PLACE_KEYWORD (PLACE_ID, KEYWORD_ID) VALUES (51, 59);
INSERT INTO PLACE_KEYWORD (PLACE_ID, KEYWORD_ID) VALUES (51, 128);
INSERT INTO PLACE_KEYWORD (PLACE_ID, KEYWORD_ID) VALUES (51, 39);
INSERT INTO PLACE_KEYWORD (PLACE_ID, KEYWORD_ID) VALUES (51, 24);
INSERT INTO PLACE_KEYWORD (PLACE_ID, KEYWORD_ID) VALUES (51, 27);
INSERT INTO PLACE_KEYWORD (PLACE_ID, KEYWORD_ID) VALUES (51, 84);
INSERT INTO PLACE_KEYWORD (PLACE_ID, KEYWORD_ID) VALUES (51, 136);
INSERT INTO PLACE_KEYWORD (PLACE_ID, KEYWORD_ID) VALUES (51, 143);
INSERT INTO PLACE_KEYWORD (PLACE_ID, KEYWORD_ID) VALUES (51, 29);
INSERT INTO PLACE_KEYWORD (PLACE_ID, KEYWORD_ID) VALUES (51, 146);
INSERT INTO PLACE_KEYWORD (PLACE_ID, KEYWORD_ID) VALUES (51, 140);
INSERT INTO PLACE_KEYWORD (PLACE_ID, KEYWORD_ID) VALUES (51, 100);
INSERT INTO PLACE_KEYWORD (PLACE_ID, KEYWORD_ID) VALUES (51, 90);
INSERT INTO PLACE_KEYWORD (PLACE_ID, KEYWORD_ID) VALUES (52, 135);
INSERT INTO PLACE_KEYWORD (PLACE_ID, KEYWORD_ID) VALUES (52, 41);
INSERT INTO PLACE_KEYWORD (PLACE_ID, KEYWORD_ID) VALUES (52, 92);
INSERT INTO PLACE_KEYWORD (PLACE_ID, KEYWORD_ID) VALUES (52, 148);
INSERT INTO PLACE_KEYWORD (PLACE_ID, KEYWORD_ID) VALUES (52, 47);
INSERT INTO PLACE_KEYWORD (PLACE_ID, KEYWORD_ID) VALUES (52, 106);
INSERT INTO PLACE_KEYWORD (PLACE_ID, KEYWORD_ID) VALUES (52, 59);
INSERT INTO PLACE_KEYWORD (PLACE_ID, KEYWORD_ID) VALUES (52, 128);
INSERT INTO PLACE_KEYWORD (PLACE_ID, KEYWORD_ID) VALUES (52, 39);
INSERT INTO PLACE_KEYWORD (PLACE_ID, KEYWORD_ID) VALUES (52, 24);
INSERT INTO PLACE_KEYWORD (PLACE_ID, KEYWORD_ID) VALUES (52, 27);
INSERT INTO PLACE_KEYWORD (PLACE_ID, KEYWORD_ID) VALUES (52, 84);
INSERT INTO PLACE_KEYWORD (PLACE_ID, KEYWORD_ID) VALUES (52, 136);
INSERT INTO PLACE_KEYWORD (PLACE_ID, KEYWORD_ID) VALUES (52, 143);
INSERT INTO PLACE_KEYWORD (PLACE_ID, KEYWORD_ID) VALUES (52, 29);
INSERT INTO PLACE_KEYWORD (PLACE_ID, KEYWORD_ID) VALUES (52, 146);
INSERT INTO PLACE_KEYWORD (PLACE_ID, KEYWORD_ID) VALUES (52, 140);
INSERT INTO PLACE_KEYWORD (PLACE_ID, KEYWORD_ID) VALUES (52, 100);
INSERT INTO PLACE_KEYWORD (PLACE_ID, KEYWORD_ID) VALUES (52, 90);
INSERT INTO PLACE_KEYWORD (PLACE_ID, KEYWORD_ID) VALUES (53, 135);
INSERT INTO PLACE_KEYWORD (PLACE_ID, KEYWORD_ID) VALUES (53, 41);
INSERT INTO PLACE_KEYWORD (PLACE_ID, KEYWORD_ID) VALUES (53, 92);
INSERT INTO PLACE_KEYWORD (PLACE_ID, KEYWORD_ID) VALUES (53, 148);
INSERT INTO PLACE_KEYWORD (PLACE_ID, KEYWORD_ID) VALUES (53, 47);
INSERT INTO PLACE_KEYWORD (PLACE_ID, KEYWORD_ID) VALUES (53, 106);
INSERT INTO PLACE_KEYWORD (PLACE_ID, KEYWORD_ID) VALUES (53, 59);
INSERT INTO PLACE_KEYWORD (PLACE_ID, KEYWORD_ID) VALUES (53, 128);
INSERT INTO PLACE_KEYWORD (PLACE_ID, KEYWORD_ID) VALUES (53, 39);
INSERT INTO PLACE_KEYWORD (PLACE_ID, KEYWORD_ID) VALUES (53, 24);
INSERT INTO PLACE_KEYWORD (PLACE_ID, KEYWORD_ID) VALUES (53, 27);
INSERT INTO PLACE_KEYWORD (PLACE_ID, KEYWORD_ID) VALUES (53, 99);
INSERT INTO PLACE_KEYWORD (PLACE_ID, KEYWORD_ID) VALUES (53, 38);
INSERT INTO PLACE_KEYWORD (PLACE_ID, KEYWORD_ID) VALUES (53, 62);
INSERT INTO PLACE_KEYWORD (PLACE_ID, KEYWORD_ID) VALUES (53, 55);
INSERT INTO PLACE_KEYWORD (PLACE_ID, KEYWORD_ID) VALUES (53, 141);
INSERT INTO PLACE_KEYWORD (PLACE_ID, KEYWORD_ID) VALUES (53, 44);
INSERT INTO PLACE_KEYWORD (PLACE_ID, KEYWORD_ID) VALUES (53, 81);
INSERT INTO PLACE_KEYWORD (PLACE_ID, KEYWORD_ID) VALUES (54, 135);
INSERT INTO PLACE_KEYWORD (PLACE_ID, KEYWORD_ID) VALUES (54, 41);
INSERT INTO PLACE_KEYWORD (PLACE_ID, KEYWORD_ID) VALUES (54, 92);
INSERT INTO PLACE_KEYWORD (PLACE_ID, KEYWORD_ID) VALUES (54, 148);
INSERT INTO PLACE_KEYWORD (PLACE_ID, KEYWORD_ID) VALUES (54, 47);
INSERT INTO PLACE_KEYWORD (PLACE_ID, KEYWORD_ID) VALUES (54, 106);
INSERT INTO PLACE_KEYWORD (PLACE_ID, KEYWORD_ID) VALUES (54, 59);
INSERT INTO PLACE_KEYWORD (PLACE_ID, KEYWORD_ID) VALUES (54, 128);
INSERT INTO PLACE_KEYWORD (PLACE_ID, KEYWORD_ID) VALUES (54, 39);
INSERT INTO PLACE_KEYWORD (PLACE_ID, KEYWORD_ID) VALUES (54, 24);
INSERT INTO PLACE_KEYWORD (PLACE_ID, KEYWORD_ID) VALUES (54, 27);
INSERT INTO PLACE_KEYWORD (PLACE_ID, KEYWORD_ID) VALUES (54, 99);
INSERT INTO PLACE_KEYWORD (PLACE_ID, KEYWORD_ID) VALUES (54, 38);
INSERT INTO PLACE_KEYWORD (PLACE_ID, KEYWORD_ID) VALUES (54, 62);
INSERT INTO PLACE_KEYWORD (PLACE_ID, KEYWORD_ID) VALUES (54, 55);
INSERT INTO PLACE_KEYWORD (PLACE_ID, KEYWORD_ID) VALUES (54, 141);
INSERT INTO PLACE_KEYWORD (PLACE_ID, KEYWORD_ID) VALUES (54, 44);
INSERT INTO PLACE_KEYWORD (PLACE_ID, KEYWORD_ID) VALUES (54, 81);
INSERT INTO PLACE_KEYWORD (PLACE_ID, KEYWORD_ID) VALUES (55, 135);
INSERT INTO PLACE_KEYWORD (PLACE_ID, KEYWORD_ID) VALUES (55, 41);
INSERT INTO PLACE_KEYWORD (PLACE_ID, KEYWORD_ID) VALUES (55, 92);
INSERT INTO PLACE_KEYWORD (PLACE_ID, KEYWORD_ID) VALUES (55, 148);
INSERT INTO PLACE_KEYWORD (PLACE_ID, KEYWORD_ID) VALUES (55, 47);
INSERT INTO PLACE_KEYWORD (PLACE_ID, KEYWORD_ID) VALUES (55, 106);
INSERT INTO PLACE_KEYWORD (PLACE_ID, KEYWORD_ID) VALUES (55, 59);
INSERT INTO PLACE_KEYWORD (PLACE_ID, KEYWORD_ID) VALUES (55, 128);
INSERT INTO PLACE_KEYWORD (PLACE_ID, KEYWORD_ID) VALUES (55, 39);
INSERT INTO PLACE_KEYWORD (PLACE_ID, KEYWORD_ID) VALUES (55, 24);
INSERT INTO PLACE_KEYWORD (PLACE_ID, KEYWORD_ID) VALUES (55, 27);
INSERT INTO PLACE_KEYWORD (PLACE_ID, KEYWORD_ID) VALUES (55, 99);
INSERT INTO PLACE_KEYWORD (PLACE_ID, KEYWORD_ID) VALUES (55, 38);
INSERT INTO PLACE_KEYWORD (PLACE_ID, KEYWORD_ID) VALUES (55, 62);
INSERT INTO PLACE_KEYWORD (PLACE_ID, KEYWORD_ID) VALUES (55, 55);
INSERT INTO PLACE_KEYWORD (PLACE_ID, KEYWORD_ID) VALUES (55, 141);
INSERT INTO PLACE_KEYWORD (PLACE_ID, KEYWORD_ID) VALUES (55, 44);
INSERT INTO PLACE_KEYWORD (PLACE_ID, KEYWORD_ID) VALUES (55, 81);


--INSERT INTO QUESTION (QUESTION_ID, QUESTION_TITLE, QUESTION_TEXT, QUESTION_CHECK, SECRET, DELETED, CREATED_AT, UPDATED_AT, USERS_ID) VALUES (1, '문의 사항 제목 1', '문의 사항 내용 1', FALSE, FALSE, FALSE, now(), now(), 0);
--INSERT INTO QUESTION (QUESTION_ID, QUESTION_TITLE, QUESTION_TEXT, QUESTION_CHECK, SECRET, DELETED, CREATED_AT, UPDATED_AT, USERS_ID) VALUES (2, '문의 사항 제목 2', '문의 사항 내용 2', FALSE, FALSE, FALSE, now(), now(), 0);
--INSERT INTO QUESTION (QUESTION_ID, QUESTION_TITLE, QUESTION_TEXT, QUESTION_CHECK, SECRET, DELETED, CREATED_AT, UPDATED_AT, USERS_ID) VALUES (3, '문의 사항 제목 3', '문의 사항 내용 3', FALSE, FALSE, FALSE, now(), now(), 0);
--INSERT INTO QUESTION (QUESTION_ID, QUESTION_TITLE, QUESTION_TEXT, QUESTION_CHECK, SECRET, DELETED, CREATED_AT, UPDATED_AT, USERS_ID) VALUES (4, '문의 사항 제목 4', '문의 사항 내용 4', FALSE, FALSE, FALSE, now(), now(), 0);
--INSERT INTO QUESTION (QUESTION_ID, QUESTION_TITLE, QUESTION_TEXT, QUESTION_CHECK, SECRET, DELETED, CREATED_AT, UPDATED_AT, USERS_ID) VALUES (5, '문의 사항 제목 5', '문의 사항 내용 5', FALSE, FALSE, FALSE, now(), now(), 0);
--INSERT INTO QUESTION (QUESTION_ID, QUESTION_TITLE, QUESTION_TEXT, QUESTION_CHECK, SECRET, DELETED, CREATED_AT, UPDATED_AT, USERS_ID) VALUES (6, '문의 사항 제목 6', '문의 사항 내용 6', FALSE, FALSE, FALSE, now(), now(), 0);
--INSERT INTO QUESTION (QUESTION_ID, QUESTION_TITLE, QUESTION_TEXT, QUESTION_CHECK, SECRET, DELETED, CREATED_AT, UPDATED_AT, USERS_ID) VALUES (7, '문의 사항 제목 7', '문의 사항 내용 7', FALSE, FALSE, FALSE, now(), now(), 0);
--INSERT INTO QUESTION (QUESTION_ID, QUESTION_TITLE, QUESTION_TEXT, QUESTION_CHECK, SECRET, DELETED, CREATED_AT, UPDATED_AT, USERS_ID) VALUES (8, '문의 사항 제목 8', '문의 사항 내용 8', FALSE, FALSE, FALSE, now(), now(), 0);
--INSERT INTO QUESTION (QUESTION_ID, QUESTION_TITLE, QUESTION_TEXT, QUESTION_CHECK, SECRET, DELETED, CREATED_AT, UPDATED_AT, USERS_ID) VALUES (9, '문의 사항 제목 9', '문의 사항 내용 9', FALSE, FALSE, FALSE, now(), now(), 0);
--INSERT INTO QUESTION (QUESTION_ID, QUESTION_TITLE, QUESTION_TEXT, QUESTION_CHECK, SECRET, DELETED, CREATED_AT, UPDATED_AT, USERS_ID) VALUES (10, '문의 사항 제목 10', '문의 사항 내용 10', FALSE, FALSE, FALSE, now(), now(), 0);
--INSERT INTO QUESTION (QUESTION_ID, QUESTION_TITLE, QUESTION_TEXT, QUESTION_CHECK, SECRET, DELETED, CREATED_AT, UPDATED_AT, USERS_ID) VALUES (11, '문의 사항 제목 11', '문의 사항 내용 11', FALSE, FALSE, FALSE, now(), now(), 0);
--INSERT INTO QUESTION (QUESTION_ID, QUESTION_TITLE, QUESTION_TEXT, QUESTION_CHECK, SECRET, DELETED, CREATED_AT, UPDATED_AT, USERS_ID) VALUES (12, '문의 사항 제목 12', '문의 사항 내용 12', FALSE, FALSE, FALSE, now(), now(), 0);
--INSERT INTO QUESTION (QUESTION_ID, QUESTION_TITLE, QUESTION_TEXT, QUESTION_CHECK, SECRET, DELETED, CREATED_AT, UPDATED_AT, USERS_ID) VALUES (13, '문의 사항 제목 13', '문의 사항 내용 13', FALSE, FALSE, FALSE, now(), now(), 0);
--INSERT INTO QUESTION (QUESTION_ID, QUESTION_TITLE, QUESTION_TEXT, QUESTION_CHECK, SECRET, DELETED, CREATED_AT, UPDATED_AT, USERS_ID) VALUES (14, '문의 사항 제목 14', '문의 사항 내용 14', FALSE, FALSE, FALSE, now(), now(), 0);
--INSERT INTO QUESTION (QUESTION_ID, QUESTION_TITLE, QUESTION_TEXT, QUESTION_CHECK, SECRET, DELETED, CREATED_AT, UPDATED_AT, USERS_ID) VALUES (15, '문의 사항 제목 15', '문의 사항 내용 15', FALSE, FALSE, FALSE, now(), now(), 0);
--INSERT INTO QUESTION (QUESTION_ID, QUESTION_TITLE, QUESTION_TEXT, QUESTION_CHECK, SECRET, DELETED, CREATED_AT, UPDATED_AT, USERS_ID) VALUES (16, '문의 사항 제목 16', '문의 사항 내용 16', FALSE, FALSE, FALSE, now(), now(), 0);
--INSERT INTO QUESTION (QUESTION_ID, QUESTION_TITLE, QUESTION_TEXT, QUESTION_CHECK, SECRET, DELETED, CREATED_AT, UPDATED_AT, USERS_ID) VALUES (17, '문의 사항 제목 17', '문의 사항 내용 17', FALSE, FALSE, FALSE, now(), now(), 0);
--INSERT INTO QUESTION (QUESTION_ID, QUESTION_TITLE, QUESTION_TEXT, QUESTION_CHECK, SECRET, DELETED, CREATED_AT, UPDATED_AT, USERS_ID) VALUES (18, '문의 사항 제목 18', '문의 사항 내용 18', FALSE, FALSE, FALSE, now(), now(), 0);
--INSERT INTO QUESTION (QUESTION_ID, QUESTION_TITLE, QUESTION_TEXT, QUESTION_CHECK, SECRET, DELETED, CREATED_AT, UPDATED_AT, USERS_ID) VALUES (19, '문의 사항 제목 19', '문의 사항 내용 19', FALSE, FALSE, FALSE, now(), now(), 0);
--INSERT INTO QUESTION (QUESTION_ID, QUESTION_TITLE, QUESTION_TEXT, QUESTION_CHECK, SECRET, DELETED, CREATED_AT, UPDATED_AT, USERS_ID) VALUES (20, '문의 사항 제목 20', '문의 사항 내용 20', FALSE, FALSE, FALSE, now(), now(), 0);
--INSERT INTO QUESTION (QUESTION_ID, QUESTION_TITLE, QUESTION_TEXT, QUESTION_CHECK, SECRET, DELETED, CREATED_AT, UPDATED_AT, USERS_ID) VALUES (21, '문의 사항 제목 21', '문의 사항 내용 21', FALSE, FALSE, FALSE, now(), now(), 0);